user_id,event_type,timestamp
604,signup,2024-01-01
19,login,2024-01-01
19,signup,2024-01-01
63,signup,2024-01-01
589,signup,2024-01-01
589,login,2024-01-01
627,signup,2024-01-01
775,login,2024-01-01
245,signup,2024-01-01
603,signup,2024-01-01
678,signup,2024-01-01
952,signup,2024-01-01
406,signup,2024-01-01
157,login,2024-01-01
399,signup,2024-01-01
443,signup,2024-01-01
775,signup,2024-01-01
398,signup,2024-01-01
562,login,2024-01-01
5,signup,2024-01-01
352,signup,2024-01-01
749,signup,2024-01-01
157,signup,2024-01-01
770,signup,2024-01-01
170,signup,2024-01-01
562,signup,2024-01-01
514,signup,2024-01-01
984,signup,2024-01-01
203,signup,2024-01-02
936,signup,2024-01-02
406,login,2024-01-02
924,signup,2024-01-02
410,signup,2024-01-02
18,signup,2024-01-02
224,signup,2024-01-02
447,signup,2024-01-02
352,login,2024-01-02
734,signup,2024-01-02
759,signup,2024-01-02
457,signup,2024-01-02
398,login,2024-01-02
790,signup,2024-01-02
972,signup,2024-01-02
579,signup,2024-01-02
494,signup,2024-01-02
777,signup,2024-01-02
972,login,2024-01-02
5,invite_user,2024-01-02
734,login,2024-01-02
848,signup,2024-01-02
42,login,2024-01-03
889,signup,2024-01-03
385,signup,2024-01-03
878,signup,2024-01-03
604,login,2024-01-03
597,signup,2024-01-03
889,login,2024-01-03
603,login,2024-01-03
42,signup,2024-01-03
359,signup,2024-01-03
59,signup,2024-01-03
406,invite_user,2024-01-03
83,signup,2024-01-03
761,signup,2024-01-03
761,login,2024-01-03
404,signup,2024-01-03
443,login,2024-01-03
245,login,2024-01-03
447,login,2024-01-03
421,signup,2024-01-03
678,invite_user,2024-01-03
661,signup,2024-01-03
676,signup,2024-01-04
878,login,2024-01-04
798,login,2024-01-04
798,signup,2024-01-04
473,signup,2024-01-04
770,login,2024-01-04
678,login,2024-01-04
417,login,2024-01-04
417,signup,2024-01-04
597,login,2024-01-04
749,login,2024-01-04
679,signup,2024-01-04
157,create_project,2024-01-04
327,signup,2024-01-04
323,signup,2024-01-04
309,signup,2024-01-04
952,login,2024-01-04
323,invite_user,2024-01-04
325,signup,2024-01-05
399,invite_user,2024-01-05
324,signup,2024-01-05
876,signup,2024-01-05
876,login,2024-01-05
676,login,2024-01-05
410,login,2024-01-05
820,signup,2024-01-05
661,login,2024-01-05
59,invite_user,2024-01-05
589,create_project,2024-01-05
250,signup,2024-01-05
604,create_project,2024-01-05
798,invite_user,2024-01-05
924,invite_user,2024-01-05
186,login,2024-01-05
267,signup,2024-01-05
170,upload_file,2024-01-05
996,signup,2024-01-05
510,signup,2024-01-05
564,signup,2024-01-05
300,signup,2024-01-05
5,login,2024-01-05
490,signup,2024-01-05
778,signup,2024-01-05
484,login,2024-01-05
484,signup,2024-01-05
788,signup,2024-01-05
583,signup,2024-01-05
627,login,2024-01-05
68,signup,2024-01-05
184,signup,2024-01-05
186,signup,2024-01-05
882,signup,2024-01-05
971,signup,2024-01-05
11,signup,2024-01-05
359,login,2024-01-05
904,signup,2024-01-05
675,signup,2024-01-05
600,signup,2024-01-05
888,login,2024-01-05
19,create_project,2024-01-05
888,signup,2024-01-05
924,login,2024-01-05
934,signup,2024-01-05
31,signup,2024-01-05
18,login,2024-01-05
889,create_project,2024-01-05
679,invite_user,2024-01-06
321,signup,2024-01-06
20,login,2024-01-06
186,invite_user,2024-01-06
821,signup,2024-01-06
20,signup,2024-01-06
421,login,2024-01-06
583,upload_file,2024-01-06
679,login,2024-01-06
250,login,2024-01-06
198,signup,2024-01-06
848,login,2024-01-06
309,login,2024-01-06
888,create_project,2024-01-06
245,invite_user,2024-01-06
318,signup,2024-01-06
857,signup,2024-01-06
590,signup,2024-01-06
836,signup,2024-01-06
364,signup,2024-01-06
573,signup,2024-01-06
83,login,2024-01-06
92,signup,2024-01-06
267,login,2024-01-06
591,signup,2024-01-06
37,signup,2024-01-06
758,signup,2024-01-06
2,signup,2024-01-06
506,signup,2024-01-06
759,login,2024-01-06
505,signup,2024-01-06
308,signup,2024-01-06
217,login,2024-01-06
217,signup,2024-01-06
235,signup,2024-01-06
748,signup,2024-01-06
18,create_project,2024-01-07
958,signup,2024-01-07
541,login,2024-01-07
92,login,2024-01-07
718,signup,2024-01-07
541,signup,2024-01-07
996,upload_file,2024-01-07
57,signup,2024-01-07
717,signup,2024-01-07
782,signup,2024-01-07
245,create_project,2024-01-07
758,upload_file,2024-01-07
564,upload_file,2024-01-07
777,login,2024-01-07
579,login,2024-01-07
748,login,2024-01-07
337,signup,2024-01-07
675,login,2024-01-07
385,login,2024-01-07
321,upload_file,2024-01-07
936,login,2024-01-07
31,create_project,2024-01-07
847,signup,2024-01-07
934,create_project,2024-01-07
217,create_project,2024-01-07
385,create_project,2024-01-07
591,login,2024-01-07
592,signup,2024-01-07
31,login,2024-01-07
364,login,2024-01-07
934,login,2024-01-07
61,signup,2024-01-08
379,signup,2024-01-08
301,signup,2024-01-08
352,upload_file,2024-01-08
872,signup,2024-01-08
590,invite_user,2024-01-08
867,login,2024-01-08
778,login,2024-01-08
573,login,2024-01-08
290,signup,2024-01-08
630,signup,2024-01-08
583,login,2024-01-08
325,invite_user,2024-01-08
904,login,2024-01-08
42,create_project,2024-01-08
867,signup,2024-01-08
876,create_project,2024-01-08
597,create_project,2024-01-08
936,invite_user,2024-01-08
545,signup,2024-01-08
37,upload_file,2024-01-08
678,create_project,2024-01-08
758,login,2024-01-08
473,login,2024-01-08
821,login,2024-01-08
102,signup,2024-01-08
103,signup,2024-01-08
285,signup,2024-01-08
102,login,2024-01-08
718,login,2024-01-08
327,login,2024-01-09
112,signup,2024-01-09
364,create_project,2024-01-09
882,login,2024-01-09
276,signup,2024-01-09
936,invite_user,2024-01-09
170,upload_file,2024-01-09
490,login,2024-01-09
493,signup,2024-01-09
36,signup,2024-01-09
36,login,2024-01-09
236,login,2024-01-09
600,login,2024-01-09
361,signup,2024-01-09
635,signup,2024-01-09
647,signup,2024-01-09
236,signup,2024-01-09
321,login,2024-01-09
857,login,2024-01-09
361,login,2024-01-09
441,signup,2024-01-09
428,invite_user,2024-01-09
590,login,2024-01-09
679,create_project,2024-01-09
428,signup,2024-01-09
847,login,2024-01-09
971,login,2024-01-09
675,upload_file,2024-01-09
846,signup,2024-01-09
958,login,2024-01-09
836,invite_user,2024-01-09
795,signup,2024-01-09
661,create_project,2024-01-10
441,login,2024-01-10
37,login,2024-01-10
57,login,2024-01-10
996,login,2024-01-10
318,invite_user,2024-01-10
318,invite_user,2024-01-10
836,upload_file,2024-01-10
163,signup,2024-01-10
820,login,2024-01-10
647,login,2024-01-10
817,signup,2024-01-10
198,login,2024-01-10
318,login,2024-01-10
370,signup,2024-01-10
877,signup,2024-01-10
510,login,2024-01-10
882,invite_user,2024-01-10
11,login,2024-01-10
163,invite_user,2024-01-10
285,login,2024-01-10
473,invite_user,2024-01-10
564,login,2024-01-10
187,signup,2024-01-10
867,invite_user,2024-01-10
867,upload_file,2024-01-10
573,create_project,2024-01-10
186,create_project,2024-01-10
657,login,2024-01-10
324,login,2024-01-10
683,signup,2024-01-10
349,signup,2024-01-10
486,login,2024-01-10
872,invite_user,2024-01-10
657,signup,2024-01-10
835,signup,2024-01-10
313,signup,2024-01-10
788,login,2024-01-10
676,create_project,2024-01-10
506,login,2024-01-10
857,create_project,2024-01-10
99,signup,2024-01-10
580,signup,2024-01-10
134,signup,2024-01-10
486,signup,2024-01-10
592,login,2024-01-11
112,login,2024-01-11
683,login,2024-01-11
590,create_project,2024-01-11
630,login,2024-01-11
99,invite_user,2024-01-11
647,create_project,2024-01-11
564,create_project,2024-01-11
621,signup,2024-01-11
141,signup,2024-01-11
92,invite_user,2024-01-11
627,upload_file,2024-01-11
196,signup,2024-01-11
553,signup,2024-01-11
198,create_project,2024-01-11
821,create_project,2024-01-11
417,invite_user,2024-01-11
836,login,2024-01-11
398,upload_file,2024-01-11
370,upload_file,2024-01-11
370,login,2024-01-11
356,signup,2024-01-11
903,signup,2024-01-11
904,create_project,2024-01-11
905,signup,2024-01-11
906,signup,2024-01-11
909,signup,2024-01-11
235,login,2024-01-11
237,signup,2024-01-11
237,invite_user,2024-01-11
19,upload_file,2024-01-11
935,signup,2024-01-11
323,invite_user,2024-01-11
308,create_project,2024-01-11
308,login,2024-01-11
301,login,2024-01-11
2,login,2024-01-11
803,signup,2024-01-11
473,create_project,2024-01-11
826,signup,2024-01-11
748,create_project,2024-01-11
739,signup,2024-01-11
179,signup,2024-01-11
778,upload_file,2024-01-11
170,invite_user,2024-01-11
788,invite_user,2024-01-11
759,create_project,2024-01-11
505,invite_user,2024-01-11
580,create_project,2024-01-12
971,create_project,2024-01-12
373,signup,2024-01-12
778,create_project,2024-01-12
222,signup,2024-01-12
675,upload_file,2024-01-12
580,login,2024-01-12
349,login,2024-01-12
210,signup,2024-01-12
903,upload_file,2024-01-12
761,invite_user,2024-01-12
719,signup,2024-01-12
909,invite_user,2024-01-12
752,signup,2024-01-12
943,signup,2024-01-12
717,login,2024-01-12
237,login,2024-01-12
565,signup,2024-01-12
782,login,2024-01-12
861,signup,2024-01-12
406,invite_user,2024-01-12
635,login,2024-01-12
545,login,2024-01-12
285,create_project,2024-01-12
472,signup,2024-01-12
455,login,2024-01-12
802,signup,2024-01-12
455,signup,2024-01-12
805,signup,2024-01-12
324,create_project,2024-01-12
441,create_project,2024-01-12
938,signup,2024-01-12
806,login,2024-01-12
635,create_project,2024-01-12
295,signup,2024-01-12
103,login,2024-01-12
630,create_project,2024-01-12
421,invite_user,2024-01-12
806,signup,2024-01-12
632,signup,2024-01-13
290,login,2024-01-13
316,signup,2024-01-13
163,login,2024-01-13
164,signup,2024-01-13
630,invite_user,2024-01-13
356,invite_user,2024-01-13
519,signup,2024-01-13
182,signup,2024-01-13
144,signup,2024-01-13
472,login,2024-01-13
447,upload_file,2024-01-13
181,signup,2024-01-13
141,login,2024-01-13
428,create_project,2024-01-13
164,login,2024-01-13
428,login,2024-01-13
146,signup,2024-01-13
148,signup,2024-01-13
379,login,2024-01-13
224,invite_user,2024-01-13
506,create_project,2024-01-13
235,create_project,2024-01-13
334,signup,2024-01-13
553,login,2024-01-13
635,invite_user,2024-01-13
1,signup,2024-01-13
900,signup,2024-01-13
657,create_project,2024-01-13
660,signup,2024-01-13
900,login,2024-01-13
817,invite_user,2024-01-13
53,signup,2024-01-13
61,login,2024-01-13
949,signup,2024-01-13
672,signup,2024-01-13
820,create_project,2024-01-13
740,signup,2024-01-13
751,signup,2024-01-13
108,signup,2024-01-13
812,signup,2024-01-13
872,upload_file,2024-01-13
693,signup,2024-01-13
68,upload_file,2024-01-13
793,signup,2024-01-13
31,invite_user,2024-01-14
99,login,2024-01-14
318,create_project,2024-01-14
955,signup,2024-01-14
600,create_project,2024-01-14
535,signup,2024-01-14
100,signup,2024-01-14
134,upload_file,2024-01-14
556,login,2024-01-14
323,upload_file,2024-01-14
389,signup,2024-01-14
717,create_project,2024-01-14
136,signup,2024-01-14
545,create_project,2024-01-14
338,signup,2024-01-14
392,signup,2024-01-14
237,create_project,2024-01-14
906,login,2024-01-14
556,signup,2024-01-14
210,login,2024-01-14
416,signup,2024-01-14
816,signup,2024-01-14
249,signup,2024-01-14
998,signup,2024-01-14
457,invite_user,2024-01-14
301,invite_user,2024-01-14
187,login,2024-01-14
752,login,2024-01-14
459,signup,2024-01-14
971,invite_user,2024-01-14
276,login,2024-01-14
494,invite_user,2024-01-14
454,create_project,2024-01-14
454,login,2024-01-14
621,login,2024-01-14
188,signup,2024-01-14
81,signup,2024-01-14
803,login,2024-01-14
613,login,2024-01-14
613,signup,2024-01-14
313,login,2024-01-14
792,signup,2024-01-14
740,login,2024-01-14
71,signup,2024-01-14
609,signup,2024-01-14
806,create_project,2024-01-14
454,signup,2024-01-14
147,signup,2024-01-15
222,invite_user,2024-01-15
565,login,2024-01-15
182,login,2024-01-15
357,signup,2024-01-15
87,signup,2024-01-15
861,login,2024-01-15
798,upload_file,2024-01-15
81,login,2024-01-15
719,login,2024-01-15
429,signup,2024-01-15
835,login,2024-01-15
744,signup,2024-01-15
724,signup,2024-01-15
725,signup,2024-01-15
725,login,2024-01-15
817,login,2024-01-15
805,login,2024-01-15
57,create_project,2024-01-15
440,signup,2024-01-15
392,login,2024-01-15
373,login,2024-01-15
474,signup,2024-01-15
580,invite_user,2024-01-15
107,invite_user,2024-01-15
329,signup,2024-01-15
122,signup,2024-01-15
672,login,2024-01-15
134,login,2024-01-15
598,signup,2024-01-15
690,signup,2024-01-15
598,login,2024-01-15
665,signup,2024-01-15
11,create_project,2024-01-15
656,signup,2024-01-15
10,login,2024-01-15
10,signup,2024-01-15
657,upload_file,2024-01-15
316,login,2024-01-15
313,upload_file,2024-01-15
250,upload_file,2024-01-15
107,signup,2024-01-15
276,upload_file,2024-01-15
626,signup,2024-01-15
868,signup,2024-01-16
949,login,2024-01-16
877,invite_user,2024-01-16
506,upload_file,2024-01-16
508,signup,2024-01-16
147,login,2024-01-16
508,login,2024-01-16
817,create_project,2024-01-16
347,signup,2024-01-16
222,login,2024-01-16
263,signup,2024-01-16
965,signup,2024-01-16
64,signup,2024-01-16
367,signup,2024-01-16
639,signup,2024-01-16
301,upload_file,2024-01-16
473,invite_user,2024-01-16
315,signup,2024-01-16
805,create_project,2024-01-16
519,create_project,2024-01-16
519,login,2024-01-16
166,signup,2024-01-16
903,login,2024-01-16
752,create_project,2024-01-16
9,upload_file,2024-01-16
309,upload_file,2024-01-16
447,invite_user,2024-01-16
309,invite_user,2024-01-16
9,signup,2024-01-16
891,signup,2024-01-16
370,create_project,2024-01-16
707,signup,2024-01-16
269,signup,2024-01-16
775,upload_file,2024-01-16
379,create_project,2024-01-16
565,create_project,2024-01-16
343,signup,2024-01-16
777,upload_file,2024-01-16
564,invite_user,2024-01-16
564,upload_file,2024-01-16
269,login,2024-01-16
386,signup,2024-01-16
712,signup,2024-01-16
39,signup,2024-01-16
338,login,2024-01-16
459,invite_user,2024-01-16
703,signup,2024-01-16
938,login,2024-01-16
44,signup,2024-01-16
862,signup,2024-01-16
593,signup,2024-01-16
44,login,2024-01-16
44,create_project,2024-01-16
91,signup,2024-01-16
108,login,2024-01-16
334,login,2024-01-16
186,invite_user,2024-01-16
373,upload_file,2024-01-16
484,invite_user,2024-01-16
290,create_project,2024-01-17
998,login,2024-01-17
998,create_project,2024-01-17
792,invite_user,2024-01-17
303,signup,2024-01-17
465,signup,2024-01-17
180,signup,2024-01-17
263,login,2024-01-17
295,login,2024-01-17
421,invite_user,2024-01-17
640,signup,2024-01-17
33,signup,2024-01-17
347,invite_user,2024-01-17
364,upload_file,2024-01-17
347,login,2024-01-17
367,login,2024-01-17
876,invite_user,2024-01-17
343,login,2024-01-17
379,upload_file,2024-01-17
380,signup,2024-01-17
338,create_project,2024-01-17
389,login,2024-01-17
337,invite_user,2024-01-17
8,signup,2024-01-17
909,upload_file,2024-01-17
416,login,2024-01-17
419,signup,2024-01-17
419,login,2024-01-17
419,upload_file,2024-01-17
933,login,2024-01-17
201,upload_file,2024-01-17
201,signup,2024-01-17
954,signup,2024-01-17
55,signup,2024-01-17
965,login,2024-01-17
429,login,2024-01-17
313,create_project,2024-01-17
933,signup,2024-01-17
639,upload_file,2024-01-17
802,login,2024-01-17
521,signup,2024-01-17
693,login,2024-01-17
777,upload_file,2024-01-17
682,signup,2024-01-17
725,create_project,2024-01-17
99,create_project,2024-01-17
781,signup,2024-01-17
719,upload_file,2024-01-17
556,create_project,2024-01-17
535,login,2024-01-17
656,upload_file,2024-01-17
590,invite_user,2024-01-17
612,signup,2024-01-17
107,login,2024-01-17
146,login,2024-01-17
676,upload_file,2024-01-17
136,login,2024-01-17
141,create_project,2024-01-17
435,signup,2024-01-18
883,login,2024-01-18
531,signup,2024-01-18
440,login,2024-01-18
712,login,2024-01-18
59,invite_user,2024-01-18
387,signup,2024-01-18
168,signup,2024-01-18
386,login,2024-01-18
559,upload_file,2024-01-18
559,signup,2024-01-18
910,signup,2024-01-18
735,signup,2024-01-18
10,create_project,2024-01-18
22,login,2024-01-18
422,signup,2024-01-18
954,create_project,2024-01-18
954,login,2024-01-18
22,signup,2024-01-18
848,upload_file,2024-01-18
548,signup,2024-01-18
419,create_project,2024-01-18
549,signup,2024-01-18
549,login,2024-01-18
593,login,2024-01-18
831,signup,2024-01-18
531,login,2024-01-18
621,create_project,2024-01-18
100,login,2024-01-18
168,upload_file,2024-01-18
497,signup,2024-01-18
577,signup,2024-01-18
624,signup,2024-01-18
792,invite_user,2024-01-18
76,signup,2024-01-18
148,login,2024-01-18
883,upload_file,2024-01-18
788,upload_file,2024-01-18
778,upload_file,2024-01-18
285,upload_file,2024-01-18
118,signup,2024-01-18
883,signup,2024-01-18
118,login,2024-01-18
118,create_project,2024-01-18
1,login,2024-01-18
793,login,2024-01-18
703,login,2024-01-18
184,invite_user,2024-01-18
871,signup,2024-01-18
456,signup,2024-01-18
456,login,2024-01-18
308,invite_user,2024-01-18
506,invite_user,2024-01-18
457,upload_file,2024-01-18
761,invite_user,2024-01-18
329,login,2024-01-18
144,login,2024-01-18
379,upload_file,2024-01-19
144,invite_user,2024-01-19
583,invite_user,2024-01-19
707,invite_user,2024-01-19
684,signup,2024-01-19
868,login,2024-01-19
357,login,2024-01-19
147,create_project,2024-01-19
927,signup,2024-01-19
107,create_project,2024-01-19
883,upload_file,2024-01-19
690,login,2024-01-19
334,upload_file,2024-01-19
577,login,2024-01-19
682,login,2024-01-19
358,signup,2024-01-19
693,invite_user,2024-01-19
714,signup,2024-01-19
918,signup,2024-01-19
354,signup,2024-01-19
579,invite_user,2024-01-19
358,login,2024-01-19
862,login,2024-01-19
660,invite_user,2024-01-19
609,login,2024-01-19
164,invite_user,2024-01-19
612,login,2024-01-19
613,create_project,2024-01-19
309,upload_file,2024-01-19
249,login,2024-01-19
802,create_project,2024-01-19
76,login,2024-01-19
793,create_project,2024-01-19
126,signup,2024-01-19
493,upload_file,2024-01-19
125,signup,2024-01-19
6,signup,2024-01-19
656,login,2024-01-19
303,login,2024-01-19
656,create_project,2024-01-19
765,signup,2024-01-19
168,invite_user,2024-01-19
648,signup,2024-01-19
66,signup,2024-01-19
665,login,2024-01-19
965,create_project,2024-01-19
163,invite_user,2024-01-19
316,create_project,2024-01-19
117,signup,2024-01-19
130,signup,2024-01-19
422,invite_user,2024-01-19
938,create_project,2024-01-19
955,login,2024-01-19
538,signup,2024-01-19
940,signup,2024-01-19
263,create_project,2024-01-19
998,upload_file,2024-01-19
135,login,2024-01-19
135,signup,2024-01-19
883,create_project,2024-01-20
287,signup,2024-01-20
691,signup,2024-01-20
287,invite_user,2024-01-20
122,login,2024-01-20
648,login,2024-01-20
974,signup,2024-01-20
934,upload_file,2024-01-20
9,invite_user,2024-01-20
6,create_project,2024-01-20
230,signup,2024-01-20
251,signup,2024-01-20
308,invite_user,2024-01-20
672,create_project,2024-01-20
614,signup,2024-01-20
315,login,2024-01-20
589,upload_file,2024-01-20
337,upload_file,2024-01-20
603,upload_file,2024-01-20
130,login,2024-01-20
671,signup,2024-01-20
237,invite_user,2024-01-20
331,signup,2024-01-20
6,login,2024-01-20
370,upload_file,2024-01-20
262,signup,2024-01-20
819,signup,2024-01-20
55,login,2024-01-20
505,invite_user,2024-01-20
853,signup,2024-01-20
43,signup,2024-01-20
761,invite_user,2024-01-20
508,create_project,2024-01-20
43,login,2024-01-20
723,signup,2024-01-20
456,create_project,2024-01-20
538,upload_file,2024-01-20
87,login,2024-01-20
429,create_project,2024-01-20
46,signup,2024-01-20
442,signup,2024-01-20
435,create_project,2024-01-20
157,upload_file,2024-01-20
392,create_project,2024-01-20
553,upload_file,2024-01-20
380,login,2024-01-20
550,login,2024-01-20
724,login,2024-01-20
201,login,2024-01-20
784,signup,2024-01-20
178,signup,2024-01-20
422,login,2024-01-20
182,upload_file,2024-01-20
200,signup,2024-01-20
148,create_project,2024-01-20
531,create_project,2024-01-20
781,login,2024-01-20
425,signup,2024-01-20
425,login,2024-01-20
550,signup,2024-01-20
707,login,2024-01-20
474,login,2024-01-20
435,login,2024-01-20
957,signup,2024-01-21
55,create_project,2024-01-21
537,signup,2024-01-21
607,signup,2024-01-21
538,login,2024-01-21
33,login,2024-01-21
167,signup,2024-01-21
640,login,2024-01-21
643,signup,2024-01-21
477,upload_file,2024-01-21
264,signup,2024-01-21
643,invite_user,2024-01-21
477,signup,2024-01-21
1,upload_file,2024-01-21
71,invite_user,2024-01-21
180,login,2024-01-21
473,invite_user,2024-01-21
993,login,2024-01-21
993,signup,2024-01-21
465,login,2024-01-21
796,signup,2024-01-21
626,upload_file,2024-01-21
796,login,2024-01-21
514,invite_user,2024-01-21
249,upload_file,2024-01-21
168,login,2024-01-21
612,create_project,2024-01-21
743,signup,2024-01-21
479,signup,2024-01-21
230,login,2024-01-21
897,login,2024-01-21
397,signup,2024-01-21
897,signup,2024-01-21
210,invite_user,2024-01-21
568,signup,2024-01-21
568,login,2024-01-21
52,signup,2024-01-21
343,create_project,2024-01-21
682,create_project,2024-01-21
91,login,2024-01-21
855,signup,2024-01-21
853,upload_file,2024-01-21
927,login,2024-01-21
673,signup,2024-01-21
358,create_project,2024-01-21
891,login,2024-01-21
328,signup,2024-01-21
136,create_project,2024-01-21
867,upload_file,2024-01-21
683,invite_user,2024-01-21
831,login,2024-01-21
878,invite_user,2024-01-21
830,signup,2024-01-21
900,upload_file,2024-01-21
363,signup,2024-01-21
411,signup,2024-01-21
354,upload_file,2024-01-21
707,create_project,2024-01-22
985,signup,2024-01-22
789,login,2024-01-22
940,login,2024-01-22
789,signup,2024-01-22
484,invite_user,2024-01-22
974,login,2024-01-22
632,invite_user,2024-01-22
577,invite_user,2024-01-22
877,upload_file,2024-01-22
477,login,2024-01-22
367,create_project,2024-01-22
693,create_project,2024-01-22
897,create_project,2024-01-22
357,create_project,2024-01-22
387,login,2024-01-22
495,invite_user,2024-01-22
578,signup,2024-01-22
419,invite_user,2024-01-22
956,signup,2024-01-22
601,login,2024-01-22
416,create_project,2024-01-22
422,upload_file,2024-01-22
328,login,2024-01-22
262,login,2024-01-22
916,signup,2024-01-22
864,signup,2024-01-22
495,signup,2024-01-22
521,login,2024-01-22
614,login,2024-01-22
558,signup,2024-01-22
397,login,2024-01-22
393,login,2024-01-22
969,signup,2024-01-22
452,signup,2024-01-22
393,signup,2024-01-22
743,login,2024-01-22
508,upload_file,2024-01-22
383,signup,2024-01-22
519,invite_user,2024-01-22
601,signup,2024-01-22
498,signup,2024-01-22
249,create_project,2024-01-22
116,signup,2024-01-22
216,signup,2024-01-22
179,invite_user,2024-01-22
176,signup,2024-01-22
100,create_project,2024-01-22
33,invite_user,2024-01-22
20,upload_file,2024-01-22
168,create_project,2024-01-22
250,upload_file,2024-01-22
735,login,2024-01-23
880,signup,2024-01-23
730,signup,2024-01-23
422,create_project,2024-01-23
593,create_project,2024-01-23
729,login,2024-01-23
729,signup,2024-01-23
730,login,2024-01-23
538,create_project,2024-01-23
31,upload_file,2024-01-23
439,signup,2024-01-23
194,signup,2024-01-23
559,login,2024-01-23
559,create_project,2024-01-23
441,upload_file,2024-01-23
714,invite_user,2024-01-23
712,invite_user,2024-01-23
191,signup,2024-01-23
144,create_project,2024-01-23
653,signup,2024-01-23
36,invite_user,2024-01-23
765,login,2024-01-23
119,signup,2024-01-23
126,login,2024-01-23
796,create_project,2024-01-23
624,login,2024-01-23
46,login,2024-01-23
858,signup,2024-01-23
376,signup,2024-01-23
791,signup,2024-01-23
790,upload_file,2024-01-23
70,signup,2024-01-23
381,signup,2024-01-23
163,invite_user,2024-01-23
130,create_project,2024-01-23
862,create_project,2024-01-23
864,login,2024-01-23
864,create_project,2024-01-23
388,signup,2024-01-23
598,invite_user,2024-01-23
76,create_project,2024-01-23
514,invite_user,2024-01-23
404,invite_user,2024-01-23
537,login,2024-01-23
643,login,2024-01-23
124,signup,2024-01-23
490,invite_user,2024-01-23
126,invite_user,2024-01-23
1,create_project,2024-01-23
964,signup,2024-01-23
565,invite_user,2024-01-23
10,invite_user,2024-01-23
233,signup,2024-01-23
477,create_project,2024-01-23
951,signup,2024-01-23
916,login,2024-01-23
927,create_project,2024-01-23
952,upload_file,2024-01-23
671,login,2024-01-23
671,create_project,2024-01-23
972,upload_file,2024-01-24
119,login,2024-01-24
180,create_project,2024-01-24
558,invite_user,2024-01-24
918,invite_user,2024-01-24
758,upload_file,2024-01-24
496,signup,2024-01-24
743,upload_file,2024-01-24
957,login,2024-01-24
72,signup,2024-01-24
931,signup,2024-01-24
72,login,2024-01-24
70,login,2024-01-24
116,login,2024-01-24
680,signup,2024-01-24
52,upload_file,2024-01-24
251,login,2024-01-24
880,invite_user,2024-01-24
43,invite_user,2024-01-24
347,invite_user,2024-01-24
463,signup,2024-01-24
157,upload_file,2024-01-24
803,invite_user,2024-01-24
129,signup,2024-01-24
230,upload_file,2024-01-24
974,invite_user,2024-01-24
738,signup,2024-01-24
853,login,2024-01-24
691,login,2024-01-24
855,login,2024-01-24
66,login,2024-01-24
29,signup,2024-01-24
476,signup,2024-01-24
505,upload_file,2024-01-24
495,login,2024-01-24
440,invite_user,2024-01-24
108,upload_file,2024-01-24
117,login,2024-01-24
200,login,2024-01-24
597,upload_file,2024-01-24
439,upload_file,2024-01-24
578,login,2024-01-24
352,upload_file,2024-01-24
819,login,2024-01-25
969,login,2024-01-25
411,login,2024-01-25
38,login,2024-01-25
452,login,2024-01-25
640,create_project,2024-01-25
225,signup,2024-01-25
225,login,2024-01-25
527,signup,2024-01-25
363,login,2024-01-25
621,invite_user,2024-01-25
178,login,2024-01-25
47,signup,2024-01-25
527,login,2024-01-25
6,upload_file,2024-01-25
789,create_project,2024-01-25
315,create_project,2024-01-25
264,login,2024-01-25
124,login,2024-01-25
379,upload_file,2024-01-25
381,login,2024-01-25
748,invite_user,2024-01-25
353,signup,2024-01-25
390,signup,2024-01-25
99,invite_user,2024-01-25
958,upload_file,2024-01-25
775,upload_file,2024-01-25
352,upload_file,2024-01-25
786,signup,2024-01-25
135,invite_user,2024-01-25
454,invite_user,2024-01-25
186,invite_user,2024-01-25
459,invite_user,2024-01-25
724,create_project,2024-01-25
498,login,2024-01-25
891,create_project,2024-01-25
491,signup,2024-01-25
499,signup,2024-01-25
655,signup,2024-01-25
33,upload_file,2024-01-25
727,signup,2024-01-25
912,login,2024-01-25
559,invite_user,2024-01-25
531,upload_file,2024-01-25
912,create_project,2024-01-25
144,upload_file,2024-01-25
912,signup,2024-01-25
442,login,2024-01-25
60,signup,2024-01-25
463,login,2024-01-25
815,signup,2024-01-25
191,login,2024-01-25
444,login,2024-01-25
236,upload_file,2024-01-25
444,signup,2024-01-25
38,signup,2024-01-25
201,upload_file,2024-01-25
345,signup,2024-01-26
29,login,2024-01-26
603,upload_file,2024-01-26
529,signup,2024-01-26
496,login,2024-01-26
194,login,2024-01-26
167,login,2024-01-26
545,upload_file,2024-01-26
124,create_project,2024-01-26
54,signup,2024-01-26
659,signup,2024-01-26
835,invite_user,2024-01-26
112,invite_user,2024-01-26
951,invite_user,2024-01-26
708,signup,2024-01-26
521,create_project,2024-01-26
790,invite_user,2024-01-26
479,login,2024-01-26
245,upload_file,2024-01-26
476,upload_file,2024-01-26
963,signup,2024-01-26
924,invite_user,2024-01-26
985,upload_file,2024-01-26
855,create_project,2024-01-26
439,upload_file,2024-01-26
916,create_project,2024-01-26
415,signup,2024-01-26
194,upload_file,2024-01-26
165,signup,2024-01-26
822,signup,2024-01-26
83,invite_user,2024-01-26
98,signup,2024-01-26
278,signup,2024-01-26
202,signup,2024-01-26
734,upload_file,2024-01-26
733,signup,2024-01-26
956,login,2024-01-26
763,signup,2024-01-26
555,signup,2024-01-26
765,upload_file,2024-01-26
530,signup,2024-01-26
771,signup,2024-01-26
383,login,2024-01-26
971,invite_user,2024-01-26
78,signup,2024-01-26
607,login,2024-01-26
299,signup,2024-01-26
386,upload_file,2024-01-26
678,upload_file,2024-01-26
607,create_project,2024-01-26
536,signup,2024-01-26
940,create_project,2024-01-26
429,invite_user,2024-01-26
680,login,2024-01-26
393,upload_file,2024-01-26
308,invite_user,2024-01-26
568,create_project,2024-01-26
671,invite_user,2024-01-26
514,invite_user,2024-01-26
771,login,2024-01-26
533,signup,2024-01-27
533,login,2024-01-27
54,login,2024-01-27
233,login,2024-01-27
346,signup,2024-01-27
807,signup,2024-01-27
54,create_project,2024-01-27
533,create_project,2024-01-27
815,create_project,2024-01-27
815,login,2024-01-27
345,login,2024-01-27
794,signup,2024-01-27
743,create_project,2024-01-27
60,login,2024-01-27
439,upload_file,2024-01-27
92,invite_user,2024-01-27
718,upload_file,2024-01-27
494,invite_user,2024-01-27
449,signup,2024-01-27
708,login,2024-01-27
662,signup,2024-01-27
439,login,2024-01-27
699,signup,2024-01-27
112,invite_user,2024-01-27
176,login,2024-01-27
466,signup,2024-01-27
686,signup,2024-01-27
99,invite_user,2024-01-27
679,upload_file,2024-01-27
103,invite_user,2024-01-27
951,login,2024-01-27
803,upload_file,2024-01-27
496,create_project,2024-01-27
498,invite_user,2024-01-27
125,invite_user,2024-01-27
65,signup,2024-01-27
791,login,2024-01-27
70,upload_file,2024-01-27
215,signup,2024-01-27
783,signup,2024-01-27
398,invite_user,2024-01-27
498,create_project,2024-01-27
78,upload_file,2024-01-27
411,upload_file,2024-01-27
956,invite_user,2024-01-27
652,signup,2024-01-27
740,invite_user,2024-01-27
738,login,2024-01-27
730,create_project,2024-01-27
729,create_project,2024-01-27
767,signup,2024-01-27
938,invite_user,2024-01-27
674,signup,2024-01-27
858,login,2024-01-27
964,login,2024-01-27
607,invite_user,2024-01-27
316,upload_file,2024-01-27
931,login,2024-01-27
536,invite_user,2024-01-27
37,upload_file,2024-01-27
558,login,2024-01-27
258,signup,2024-01-27
270,signup,2024-01-27
539,signup,2024-01-27
299,login,2024-01-27
908,signup,2024-01-27
918,invite_user,2024-01-27
904,invite_user,2024-01-27
607,invite_user,2024-01-27
278,login,2024-01-27
328,upload_file,2024-01-27
262,create_project,2024-01-27
906,invite_user,2024-01-27
329,invite_user,2024-01-27
786,login,2024-01-28
353,login,2024-01-28
691,create_project,2024-01-28
64,upload_file,2024-01-28
518,signup,2024-01-28
557,signup,2024-01-28
723,invite_user,2024-01-28
436,signup,2024-01-28
165,login,2024-01-28
694,signup,2024-01-28
659,login,2024-01-28
491,login,2024-01-28
452,create_project,2024-01-28
444,invite_user,2024-01-28
662,login,2024-01-28
59,invite_user,2024-01-28
354,upload_file,2024-01-28
899,login,2024-01-28
899,signup,2024-01-28
544,signup,2024-01-28
607,invite_user,2024-01-28
73,signup,2024-01-28
461,signup,2024-01-28
859,signup,2024-01-28
226,signup,2024-01-28
231,signup,2024-01-28
387,invite_user,2024-01-28
21,signup,2024-01-28
872,invite_user,2024-01-28
771,create_project,2024-01-28
468,login,2024-01-28
468,signup,2024-01-28
738,upload_file,2024-01-28
651,signup,2024-01-28
641,signup,2024-01-28
302,signup,2024-01-28
107,invite_user,2024-01-28
868,upload_file,2024-01-28
345,upload_file,2024-01-28
73,login,2024-01-28
200,create_project,2024-01-28
835,invite_user,2024-01-28
116,create_project,2024-01-28
880,login,2024-01-28
767,create_project,2024-01-28
757,signup,2024-01-28
108,upload_file,2024-01-28
653,login,2024-01-28
767,login,2024-01-28
597,invite_user,2024-01-28
555,login,2024-01-28
969,create_project,2024-01-28
738,invite_user,2024-01-28
583,upload_file,2024-01-29
522,signup,2024-01-29
442,upload_file,2024-01-29
555,create_project,2024-01-29
444,invite_user,2024-01-29
404,invite_user,2024-01-29
875,login,2024-01-29
875,signup,2024-01-29
949,invite_user,2024-01-29
852,signup,2024-01-29
144,upload_file,2024-01-29
129,login,2024-01-29
444,create_project,2024-01-29
299,create_project,2024-01-29
739,invite_user,2024-01-29
494,invite_user,2024-01-29
727,login,2024-01-29
655,login,2024-01-29
958,upload_file,2024-01-29
77,signup,2024-01-29
629,signup,2024-01-29
157,invite_user,2024-01-29
734,invite_user,2024-01-29
868,invite_user,2024-01-29
873,signup,2024-01-29
724,invite_user,2024-01-29
545,upload_file,2024-01-29
738,create_project,2024-01-29
436,login,2024-01-29
495,create_project,2024-01-29
133,signup,2024-01-29
719,invite_user,2024-01-29
316,upload_file,2024-01-29
652,login,2024-01-29
932,signup,2024-01-29
798,upload_file,2024-01-29
9,invite_user,2024-01-29
529,login,2024-01-29
914,signup,2024-01-29
819,create_project,2024-01-29
461,login,2024-01-29
484,invite_user,2024-01-29
541,upload_file,2024-01-29
357,upload_file,2024-01-29
914,login,2024-01-29
691,invite_user,2024-01-29
822,invite_user,2024-01-29
686,login,2024-01-29
98,login,2024-01-29
847,upload_file,2024-01-29
5,invite_user,2024-01-29
838,signup,2024-01-29
54,invite_user,2024-01-29
936,invite_user,2024-01-29
659,invite_user,2024-01-29
913,signup,2024-01-29
708,invite_user,2024-01-29
338,invite_user,2024-01-29
264,create_project,2024-01-29
364,invite_user,2024-01-29
231,login,2024-01-29
390,login,2024-01-30
568,invite_user,2024-01-30
773,signup,2024-01-30
74,signup,2024-01-30
889,invite_user,2024-01-30
787,signup,2024-01-30
913,login,2024-01-30
314,signup,2024-01-30
40,invite_user,2024-01-30
258,create_project,2024-01-30
733,upload_file,2024-01-30
889,upload_file,2024-01-30
773,login,2024-01-30
126,upload_file,2024-01-30
131,signup,2024-01-30
390,create_project,2024-01-30
970,signup,2024-01-30
388,invite_user,2024-01-30
132,signup,2024-01-30
346,login,2024-01-30
258,login,2024-01-30
964,create_project,2024-01-30
131,invite_user,2024-01-30
834,signup,2024-01-30
518,login,2024-01-30
71,upload_file,2024-01-30
73,create_project,2024-01-30
498,upload_file,2024-01-30
814,signup,2024-01-30
629,invite_user,2024-01-30
314,login,2024-01-30
733,login,2024-01-30
977,signup,2024-01-30
5,upload_file,2024-01-30
443,upload_file,2024-01-30
191,create_project,2024-01-30
664,signup,2024-01-30
27,signup,2024-01-30
441,upload_file,2024-01-30
40,signup,2024-01-30
534,signup,2024-01-30
47,login,2024-01-30
65,upload_file,2024-01-30
664,invite_user,2024-01-30
643,upload_file,2024-01-30
26,signup,2024-01-30
673,upload_file,2024-01-30
410,invite_user,2024-01-30
873,login,2024-01-30
525,signup,2024-01-30
436,create_project,2024-01-30
87,invite_user,2024-01-30
81,upload_file,2024-01-30
768,signup,2024-01-30
148,upload_file,2024-01-30
374,signup,2024-01-30
914,create_project,2024-01-30
184,upload_file,2024-01-30
365,signup,2024-01-30
873,invite_user,2024-01-30
440,upload_file,2024-01-30
766,signup,2024-01-30
233,create_project,2024-01-31
614,upload_file,2024-01-31
302,login,2024-01-31
836,upload_file,2024-01-31
754,signup,2024-01-31
38,upload_file,2024-01-31
331,invite_user,2024-01-31
202,login,2024-01-31
639,invite_user,2024-01-31
608,login,2024-01-31
84,signup,2024-01-31
78,login,2024-01-31
398,upload_file,2024-01-31
822,login,2024-01-31
479,create_project,2024-01-31
773,invite_user,2024-01-31
876,upload_file,2024-01-31
335,signup,2024-01-31
741,signup,2024-01-31
931,create_project,2024-01-31
655,invite_user,2024-01-31
875,create_project,2024-01-31
608,signup,2024-01-31
859,login,2024-01-31
461,create_project,2024-01-31
69,invite_user,2024-01-31
858,create_project,2024-01-31
226,upload_file,2024-01-31
694,upload_file,2024-01-31
1,invite_user,2024-01-31
899,create_project,2024-01-31
69,signup,2024-01-31
129,create_project,2024-01-31
165,create_project,2024-01-31
853,upload_file,2024-01-31
848,upload_file,2024-01-31
445,signup,2024-01-31
445,login,2024-01-31
852,login,2024-01-31
712,upload_file,2024-01-31
216,upload_file,2024-01-31
435,invite_user,2024-01-31
3,signup,2024-01-31
889,invite_user,2024-01-31
621,upload_file,2024-01-31
859,invite_user,2024-01-31
196,upload_file,2024-01-31
814,login,2024-01-31
430,signup,2024-01-31
654,signup,2024-01-31
74,login,2024-01-31
54,invite_user,2024-01-31
880,create_project,2024-01-31
785,signup,2024-01-31
270,login,2024-01-31
215,login,2024-01-31
557,login,2024-01-31
579,upload_file,2024-02-01
492,signup,2024-02-01
648,upload_file,2024-02-01
449,login,2024-02-01
277,signup,2024-02-01
663,signup,2024-02-01
139,signup,2024-02-01
950,signup,2024-02-01
492,login,2024-02-01
299,upload_file,2024-02-01
676,upload_file,2024-02-01
467,signup,2024-02-01
270,create_project,2024-02-01
672,invite_user,2024-02-01
285,invite_user,2024-02-01
694,login,2024-02-01
430,login,2024-02-01
465,invite_user,2024-02-01
748,invite_user,2024-02-01
666,login,2024-02-01
915,signup,2024-02-01
666,signup,2024-02-01
909,upload_file,2024-02-01
971,invite_user,2024-02-01
188,upload_file,2024-02-01
289,signup,2024-02-01
914,invite_user,2024-02-01
449,create_project,2024-02-01
337,invite_user,2024-02-01
371,signup,2024-02-01
769,signup,2024-02-01
769,login,2024-02-01
539,login,2024-02-01
353,create_project,2024-02-01
807,login,2024-02-01
325,invite_user,2024-02-01
527,upload_file,2024-02-01
77,login,2024-02-01
516,signup,2024-02-01
47,create_project,2024-02-01
934,upload_file,2024-02-01
801,signup,2024-02-01
766,login,2024-02-01
525,login,2024-02-01
4,signup,2024-02-01
65,login,2024-02-01
367,upload_file,2024-02-01
368,signup,2024-02-01
794,upload_file,2024-02-01
859,create_project,2024-02-01
787,login,2024-02-01
313,invite_user,2024-02-01
371,login,2024-02-01
371,create_project,2024-02-01
165,invite_user,2024-02-01
674,login,2024-02-01
387,invite_user,2024-02-01
343,invite_user,2024-02-01
520,signup,2024-02-01
236,invite_user,2024-02-01
821,invite_user,2024-02-01
958,invite_user,2024-02-01
641,login,2024-02-01
651,invite_user,2024-02-02
577,upload_file,2024-02-02
526,signup,2024-02-02
275,signup,2024-02-02
242,signup,2024-02-02
480,signup,2024-02-02
139,login,2024-02-02
363,invite_user,2024-02-02
801,login,2024-02-02
787,create_project,2024-02-02
821,invite_user,2024-02-02
512,signup,2024-02-02
289,invite_user,2024-02-02
38,invite_user,2024-02-02
474,invite_user,2024-02-02
496,upload_file,2024-02-02
44,invite_user,2024-02-02
783,upload_file,2024-02-02
954,invite_user,2024-02-02
534,login,2024-02-02
785,login,2024-02-02
574,signup,2024-02-02
141,upload_file,2024-02-02
383,invite_user,2024-02-02
31,upload_file,2024-02-02
915,login,2024-02-02
368,login,2024-02-02
3,login,2024-02-02
970,login,2024-02-02
417,upload_file,2024-02-02
900,invite_user,2024-02-02
658,signup,2024-02-02
651,login,2024-02-02
667,signup,2024-02-02
688,signup,2024-02-02
769,create_project,2024-02-02
4,upload_file,2024-02-02
21,login,2024-02-02
226,login,2024-02-02
593,invite_user,2024-02-02
844,signup,2024-02-02
569,signup,2024-02-02
641,create_project,2024-02-02
41,signup,2024-02-02
128,signup,2024-02-02
509,signup,2024-02-02
274,signup,2024-02-02
437,signup,2024-02-02
877,upload_file,2024-02-02
723,invite_user,2024-02-02
3,create_project,2024-02-02
299,upload_file,2024-02-02
97,signup,2024-02-02
529,create_project,2024-02-02
338,upload_file,2024-02-03
372,signup,2024-02-03
372,login,2024-02-03
965,invite_user,2024-02-03
827,signup,2024-02-03
23,signup,2024-02-03
586,signup,2024-02-03
998,upload_file,2024-02-03
65,create_project,2024-02-03
467,login,2024-02-03
346,create_project,2024-02-03
608,create_project,2024-02-03
989,signup,2024-02-03
232,signup,2024-02-03
838,invite_user,2024-02-03
814,create_project,2024-02-03
128,login,2024-02-03
58,signup,2024-02-03
374,upload_file,2024-02-03
485,login,2024-02-03
987,signup,2024-02-03
363,invite_user,2024-02-03
851,signup,2024-02-03
365,login,2024-02-03
125,invite_user,2024-02-03
6,upload_file,2024-02-03
626,invite_user,2024-02-03
485,signup,2024-02-03
507,signup,2024-02-03
10,invite_user,2024-02-03
45,signup,2024-02-03
556,upload_file,2024-02-03
725,upload_file,2024-02-03
654,invite_user,2024-02-03
213,signup,2024-02-03
978,signup,2024-02-03
139,create_project,2024-02-03
391,signup,2024-02-03
305,signup,2024-02-03
601,invite_user,2024-02-03
305,login,2024-02-03
207,signup,2024-02-03
142,login,2024-02-03
394,signup,2024-02-03
403,signup,2024-02-03
77,create_project,2024-02-03
396,signup,2024-02-03
396,invite_user,2024-02-03
868,invite_user,2024-02-03
549,invite_user,2024-02-03
41,login,2024-02-03
497,invite_user,2024-02-03
40,invite_user,2024-02-03
873,create_project,2024-02-03
160,signup,2024-02-03
302,create_project,2024-02-03
142,signup,2024-02-03
247,signup,2024-02-03
656,invite_user,2024-02-03
496,upload_file,2024-02-03
20,upload_file,2024-02-04
525,create_project,2024-02-04
335,login,2024-02-04
847,invite_user,2024-02-04
721,signup,2024-02-04
276,invite_user,2024-02-04
516,login,2024-02-04
986,signup,2024-02-04
374,create_project,2024-02-04
374,login,2024-02-04
913,create_project,2024-02-04
495,invite_user,2024-02-04
425,upload_file,2024-02-04
250,upload_file,2024-02-04
834,login,2024-02-04
694,create_project,2024-02-04
733,create_project,2024-02-04
614,upload_file,2024-02-04
587,signup,2024-02-04
588,signup,2024-02-04
7,signup,2024-02-04
533,upload_file,2024-02-04
504,signup,2024-02-04
376,invite_user,2024-02-04
674,invite_user,2024-02-04
986,login,2024-02-04
520,login,2024-02-04
79,signup,2024-02-04
474,invite_user,2024-02-04
861,invite_user,2024-02-04
26,login,2024-02-04
349,upload_file,2024-02-04
143,signup,2024-02-04
534,invite_user,2024-02-04
520,create_project,2024-02-04
529,invite_user,2024-02-04
688,login,2024-02-04
210,upload_file,2024-02-04
204,signup,2024-02-04
175,signup,2024-02-04
492,create_project,2024-02-04
365,create_project,2024-02-04
865,signup,2024-02-04
533,upload_file,2024-02-04
136,invite_user,2024-02-04
509,upload_file,2024-02-04
754,login,2024-02-04
741,login,2024-02-04
278,invite_user,2024-02-04
345,invite_user,2024-02-04
395,signup,2024-02-04
232,login,2024-02-05
79,login,2024-02-05
86,signup,2024-02-05
208,signup,2024-02-05
756,signup,2024-02-05
12,signup,2024-02-05
754,create_project,2024-02-05
10,upload_file,2024-02-05
15,signup,2024-02-05
403,login,2024-02-05
822,create_project,2024-02-05
535,upload_file,2024-02-05
814,invite_user,2024-02-05
512,login,2024-02-05
481,signup,2024-02-05
682,invite_user,2024-02-05
21,create_project,2024-02-05
340,signup,2024-02-05
694,invite_user,2024-02-05
756,upload_file,2024-02-05
539,create_project,2024-02-05
842,signup,2024-02-05
654,create_project,2024-02-05
950,create_project,2024-02-05
950,login,2024-02-05
279,signup,2024-02-05
781,invite_user,2024-02-05
430,create_project,2024-02-05
367,upload_file,2024-02-05
654,login,2024-02-05
580,invite_user,2024-02-05
522,invite_user,2024-02-05
26,create_project,2024-02-05
611,signup,2024-02-05
716,signup,2024-02-05
437,login,2024-02-05
586,login,2024-02-05
588,login,2024-02-05
4,login,2024-02-05
518,invite_user,2024-02-05
453,signup,2024-02-05
578,upload_file,2024-02-05
226,create_project,2024-02-05
394,login,2024-02-05
242,upload_file,2024-02-05
459,invite_user,2024-02-05
527,invite_user,2024-02-05
187,invite_user,2024-02-05
807,create_project,2024-02-05
271,login,2024-02-05
880,upload_file,2024-02-05
454,upload_file,2024-02-05
271,signup,2024-02-05
297,signup,2024-02-05
391,login,2024-02-05
41,create_project,2024-02-05
275,login,2024-02-05
478,signup,2024-02-06
645,signup,2024-02-06
540,signup,2024-02-06
137,signup,2024-02-06
124,invite_user,2024-02-06
480,login,2024-02-06
550,invite_user,2024-02-06
969,invite_user,2024-02-06
493,upload_file,2024-02-06
622,signup,2024-02-06
485,create_project,2024-02-06
128,create_project,2024-02-06
574,login,2024-02-06
606,signup,2024-02-06
504,login,2024-02-06
569,login,2024-02-06
493,upload_file,2024-02-06
160,login,2024-02-06
927,invite_user,2024-02-06
978,login,2024-02-06
720,signup,2024-02-06
702,signup,2024-02-06
911,signup,2024-02-06
973,signup,2024-02-06
372,invite_user,2024-02-06
275,invite_user,2024-02-06
764,signup,2024-02-06
939,signup,2024-02-06
273,signup,2024-02-06
279,login,2024-02-06
765,invite_user,2024-02-06
242,login,2024-02-06
711,signup,2024-02-06
434,signup,2024-02-06
195,signup,2024-02-06
395,login,2024-02-06
442,upload_file,2024-02-06
844,login,2024-02-06
195,login,2024-02-06
694,upload_file,2024-02-06
208,create_project,2024-02-06
801,create_project,2024-02-06
424,signup,2024-02-06
21,invite_user,2024-02-06
977,invite_user,2024-02-06
947,signup,2024-02-06
56,signup,2024-02-06
998,invite_user,2024-02-06
914,upload_file,2024-02-06
760,signup,2024-02-06
208,login,2024-02-06
306,login,2024-02-07
433,signup,2024-02-07
497,upload_file,2024-02-07
34,login,2024-02-07
306,signup,2024-02-07
173,signup,2024-02-07
723,invite_user,2024-02-07
207,invite_user,2024-02-07
630,upload_file,2024-02-07
656,invite_user,2024-02-07
47,invite_user,2024-02-07
851,login,2024-02-07
403,upload_file,2024-02-07
12,login,2024-02-07
870,signup,2024-02-07
764,upload_file,2024-02-07
554,signup,2024-02-07
45,login,2024-02-07
247,login,2024-02-07
196,invite_user,2024-02-07
726,signup,2024-02-07
886,signup,2024-02-07
33,upload_file,2024-02-07
34,signup,2024-02-07
1,invite_user,2024-02-07
440,invite_user,2024-02-07
391,create_project,2024-02-07
658,login,2024-02-07
911,login,2024-02-07
332,signup,2024-02-07
458,signup,2024-02-07
368,upload_file,2024-02-07
97,login,2024-02-07
530,invite_user,2024-02-07
915,create_project,2024-02-07
818,signup,2024-02-07
467,upload_file,2024-02-07
481,upload_file,2024-02-07
222,invite_user,2024-02-07
480,invite_user,2024-02-07
805,upload_file,2024-02-07
12,upload_file,2024-02-07
526,login,2024-02-07
178,invite_user,2024-02-07
987,login,2024-02-07
143,login,2024-02-07
65,invite_user,2024-02-07
336,signup,2024-02-07
704,signup,2024-02-07
785,invite_user,2024-02-07
659,invite_user,2024-02-07
536,upload_file,2024-02-07
8,invite_user,2024-02-07
56,login,2024-02-08
832,login,2024-02-08
340,login,2024-02-08
56,create_project,2024-02-08
213,invite_user,2024-02-08
846,upload_file,2024-02-08
978,invite_user,2024-02-08
305,create_project,2024-02-08
391,upload_file,2024-02-08
865,login,2024-02-08
312,signup,2024-02-08
832,signup,2024-02-08
312,login,2024-02-08
382,signup,2024-02-08
945,signup,2024-02-08
369,signup,2024-02-08
986,invite_user,2024-02-08
315,invite_user,2024-02-08
983,signup,2024-02-08
232,invite_user,2024-02-08
830,invite_user,2024-02-08
534,invite_user,2024-02-08
241,signup,2024-02-08
86,upload_file,2024-02-08
58,login,2024-02-08
756,login,2024-02-08
434,login,2024-02-08
437,create_project,2024-02-08
721,login,2024-02-08
901,login,2024-02-08
282,login,2024-02-08
712,upload_file,2024-02-08
711,upload_file,2024-02-08
281,signup,2024-02-08
4,invite_user,2024-02-08
491,upload_file,2024-02-08
581,signup,2024-02-08
145,signup,2024-02-08
565,invite_user,2024-02-08
665,upload_file,2024-02-08
187,invite_user,2024-02-08
97,invite_user,2024-02-08
568,invite_user,2024-02-08
98,upload_file,2024-02-08
101,signup,2024-02-08
1000,signup,2024-02-08
101,login,2024-02-08
901,signup,2024-02-08
899,invite_user,2024-02-08
282,signup,2024-02-08
429,upload_file,2024-02-08
593,upload_file,2024-02-08
725,upload_file,2024-02-08
85,login,2024-02-08
85,signup,2024-02-08
195,create_project,2024-02-08
881,signup,2024-02-08
890,signup,2024-02-08
137,login,2024-02-08
655,upload_file,2024-02-08
431,signup,2024-02-08
894,signup,2024-02-08
207,invite_user,2024-02-08
504,upload_file,2024-02-08
947,login,2024-02-08
273,upload_file,2024-02-09
911,create_project,2024-02-09
577,upload_file,2024-02-09
270,upload_file,2024-02-09
351,login,2024-02-09
255,signup,2024-02-09
297,login,2024-02-09
919,signup,2024-02-09
263,upload_file,2024-02-09
254,login,2024-02-09
965,invite_user,2024-02-09
351,signup,2024-02-09
818,login,2024-02-09
312,upload_file,2024-02-09
601,invite_user,2024-02-09
588,create_project,2024-02-09
606,login,2024-02-09
45,invite_user,2024-02-09
540,login,2024-02-09
129,upload_file,2024-02-09
560,signup,2024-02-09
842,login,2024-02-09
254,signup,2024-02-09
586,create_project,2024-02-09
281,invite_user,2024-02-09
835,invite_user,2024-02-09
27,upload_file,2024-02-09
281,login,2024-02-09
805,invite_user,2024-02-09
279,invite_user,2024-02-09
581,login,2024-02-09
278,upload_file,2024-02-09
611,login,2024-02-09
478,login,2024-02-09
365,upload_file,2024-02-09
458,invite_user,2024-02-09
664,upload_file,2024-02-09
93,signup,2024-02-09
520,invite_user,2024-02-09
188,invite_user,2024-02-09
750,signup,2024-02-09
211,login,2024-02-09
504,create_project,2024-02-09
79,invite_user,2024-02-09
462,signup,2024-02-09
956,invite_user,2024-02-09
515,invite_user,2024-02-09
626,invite_user,2024-02-09
687,upload_file,2024-02-09
79,create_project,2024-02-09
702,login,2024-02-09
211,signup,2024-02-09
515,signup,2024-02-09
711,login,2024-02-09
687,signup,2024-02-09
64,upload_file,2024-02-09
175,create_project,2024-02-09
480,create_project,2024-02-09
165,invite_user,2024-02-09
397,upload_file,2024-02-09
729,invite_user,2024-02-09
736,signup,2024-02-09
424,login,2024-02-09
760,login,2024-02-09
175,login,2024-02-09
743,invite_user,2024-02-10
511,signup,2024-02-10
511,login,2024-02-10
492,upload_file,2024-02-10
563,signup,2024-02-10
764,login,2024-02-10
512,create_project,2024-02-10
765,invite_user,2024-02-10
491,upload_file,2024-02-10
927,invite_user,2024-02-10
711,create_project,2024-02-10
60,invite_user,2024-02-10
949,invite_user,2024-02-10
881,login,2024-02-10
726,login,2024-02-10
725,upload_file,2024-02-10
572,signup,2024-02-10
293,signup,2024-02-10
86,login,2024-02-10
85,invite_user,2024-02-10
931,upload_file,2024-02-10
431,invite_user,2024-02-10
297,create_project,2024-02-10
559,upload_file,2024-02-10
945,create_project,2024-02-10
720,login,2024-02-10
901,create_project,2024-02-10
716,login,2024-02-10
945,login,2024-02-10
706,signup,2024-02-10
844,upload_file,2024-02-10
704,login,2024-02-10
822,upload_file,2024-02-10
375,signup,2024-02-10
241,login,2024-02-10
343,invite_user,2024-02-10
65,upload_file,2024-02-10
54,invite_user,2024-02-10
375,login,2024-02-10
616,signup,2024-02-10
258,invite_user,2024-02-10
808,signup,2024-02-10
682,invite_user,2024-02-10
223,signup,2024-02-10
227,signup,2024-02-10
223,login,2024-02-10
616,login,2024-02-10
338,upload_file,2024-02-10
884,signup,2024-02-10
15,login,2024-02-10
160,create_project,2024-02-10
845,signup,2024-02-10
540,upload_file,2024-02-10
32,signup,2024-02-10
240,signup,2024-02-10
907,signup,2024-02-10
275,create_project,2024-02-10
330,signup,2024-02-10
17,signup,2024-02-10
214,signup,2024-02-10
330,login,2024-02-10
69,upload_file,2024-02-10
453,upload_file,2024-02-10
453,login,2024-02-10
702,create_project,2024-02-10
557,invite_user,2024-02-11
286,signup,2024-02-11
180,upload_file,2024-02-11
677,signup,2024-02-11
696,signup,2024-02-11
951,invite_user,2024-02-11
431,login,2024-02-11
569,upload_file,2024-02-11
12,create_project,2024-02-11
975,signup,2024-02-11
431,create_project,2024-02-11
279,create_project,2024-02-11
145,login,2024-02-11
190,signup,2024-02-11
62,signup,2024-02-11
291,signup,2024-02-11
843,signup,2024-02-11
213,invite_user,2024-02-11
653,upload_file,2024-02-11
382,login,2024-02-11
375,upload_file,2024-02-11
52,upload_file,2024-02-11
611,create_project,2024-02-11
793,upload_file,2024-02-11
219,signup,2024-02-11
532,signup,2024-02-11
531,invite_user,2024-02-11
369,login,2024-02-11
222,invite_user,2024-02-11
622,login,2024-02-11
229,login,2024-02-11
229,signup,2024-02-11
616,create_project,2024-02-11
620,signup,2024-02-11
108,invite_user,2024-02-11
393,invite_user,2024-02-11
396,invite_user,2024-02-11
507,invite_user,2024-02-11
767,upload_file,2024-02-11
310,signup,2024-02-11
210,invite_user,2024-02-11
310,upload_file,2024-02-11
601,upload_file,2024-02-11
979,login,2024-02-11
546,signup,2024-02-11
979,signup,2024-02-11
119,upload_file,2024-02-11
45,create_project,2024-02-11
34,create_project,2024-02-11
138,login,2024-02-12
681,signup,2024-02-12
136,upload_file,2024-02-12
35,signup,2024-02-12
116,invite_user,2024-02-12
669,signup,2024-02-12
572,login,2024-02-12
86,create_project,2024-02-12
616,invite_user,2024-02-12
138,signup,2024-02-12
94,signup,2024-02-12
818,create_project,2024-02-12
148,upload_file,2024-02-12
51,signup,2024-02-12
643,invite_user,2024-02-12
829,signup,2024-02-12
907,create_project,2024-02-12
628,signup,2024-02-12
907,login,2024-02-12
839,signup,2024-02-12
45,invite_user,2024-02-12
856,signup,2024-02-12
115,signup,2024-02-12
834,invite_user,2024-02-12
585,signup,2024-02-12
479,upload_file,2024-02-12
278,invite_user,2024-02-12
454,upload_file,2024-02-12
209,signup,2024-02-12
393,upload_file,2024-02-12
387,invite_user,2024-02-12
477,upload_file,2024-02-12
161,signup,2024-02-12
243,signup,2024-02-12
983,login,2024-02-12
563,login,2024-02-12
363,invite_user,2024-02-12
470,invite_user,2024-02-12
190,login,2024-02-12
550,invite_user,2024-02-12
470,signup,2024-02-12
226,invite_user,2024-02-12
332,login,2024-02-12
515,login,2024-02-12
234,login,2024-02-12
244,signup,2024-02-12
312,create_project,2024-02-12
569,invite_user,2024-02-12
462,login,2024-02-12
188,invite_user,2024-02-12
314,invite_user,2024-02-12
568,invite_user,2024-02-12
286,login,2024-02-12
429,invite_user,2024-02-12
234,signup,2024-02-12
248,signup,2024-02-12
969,invite_user,2024-02-12
173,login,2024-02-12
137,create_project,2024-02-13
469,login,2024-02-13
677,invite_user,2024-02-13
919,login,2024-02-13
546,login,2024-02-13
24,signup,2024-02-13
918,upload_file,2024-02-13
549,invite_user,2024-02-13
706,login,2024-02-13
171,signup,2024-02-13
680,upload_file,2024-02-13
43,invite_user,2024-02-13
360,signup,2024-02-13
422,invite_user,2024-02-13
706,create_project,2024-02-13
90,signup,2024-02-13
94,invite_user,2024-02-13
540,create_project,2024-02-13
489,signup,2024-02-13
438,signup,2024-02-13
946,signup,2024-02-13
975,login,2024-02-13
825,signup,2024-02-13
518,invite_user,2024-02-13
522,invite_user,2024-02-13
863,signup,2024-02-13
47,upload_file,2024-02-13
17,login,2024-02-13
277,upload_file,2024-02-13
397,invite_user,2024-02-13
469,signup,2024-02-13
673,invite_user,2024-02-13
330,create_project,2024-02-13
214,login,2024-02-13
383,invite_user,2024-02-13
71,upload_file,2024-02-13
897,invite_user,2024-02-13
190,create_project,2024-02-13
94,upload_file,2024-02-13
498,invite_user,2024-02-13
17,create_project,2024-02-13
890,upload_file,2024-02-13
704,create_project,2024-02-13
566,signup,2024-02-13
696,login,2024-02-13
928,signup,2024-02-13
687,login,2024-02-13
340,create_project,2024-02-13
687,create_project,2024-02-13
461,upload_file,2024-02-13
560,login,2024-02-13
254,create_project,2024-02-13
702,upload_file,2024-02-13
1000,login,2024-02-13
140,signup,2024-02-13
581,create_project,2024-02-14
161,create_project,2024-02-14
842,create_project,2024-02-14
161,login,2024-02-14
344,signup,2024-02-14
815,invite_user,2024-02-14
449,invite_user,2024-02-14
411,invite_user,2024-02-14
620,login,2024-02-14
289,invite_user,2024-02-14
870,upload_file,2024-02-14
90,login,2024-02-14
438,login,2024-02-14
466,invite_user,2024-02-14
209,login,2024-02-14
376,invite_user,2024-02-14
528,signup,2024-02-14
402,signup,2024-02-14
23,invite_user,2024-02-14
891,upload_file,2024-02-14
532,login,2024-02-14
532,create_project,2024-02-14
391,invite_user,2024-02-14
240,login,2024-02-14
781,upload_file,2024-02-14
622,create_project,2024-02-14
291,login,2024-02-14
453,upload_file,2024-02-14
255,upload_file,2024-02-14
785,upload_file,2024-02-14
764,upload_file,2024-02-14
79,upload_file,2024-02-14
375,invite_user,2024-02-14
381,upload_file,2024-02-14
863,upload_file,2024-02-14
256,signup,2024-02-14
281,create_project,2024-02-14
863,login,2024-02-14
234,create_project,2024-02-14
156,signup,2024-02-14
32,login,2024-02-14
549,upload_file,2024-02-14
682,invite_user,2024-02-14
304,signup,2024-02-14
550,upload_file,2024-02-14
511,create_project,2024-02-14
631,signup,2024-02-14
169,signup,2024-02-14
171,login,2024-02-14
975,invite_user,2024-02-14
811,signup,2024-02-14
551,signup,2024-02-14
997,signup,2024-02-14
155,signup,2024-02-14
227,login,2024-02-14
508,invite_user,2024-02-14
1000,upload_file,2024-02-14
155,login,2024-02-14
860,signup,2024-02-14
333,signup,2024-02-14
631,upload_file,2024-02-14
130,invite_user,2024-02-14
892,signup,2024-02-14
38,invite_user,2024-02-14
633,signup,2024-02-14
546,invite_user,2024-02-14
547,signup,2024-02-14
121,signup,2024-02-14
808,login,2024-02-14
825,login,2024-02-14
970,invite_user,2024-02-15
966,signup,2024-02-15
768,invite_user,2024-02-15
982,signup,2024-02-15
246,signup,2024-02-15
843,login,2024-02-15
975,invite_user,2024-02-15
572,create_project,2024-02-15
881,create_project,2024-02-15
527,upload_file,2024-02-15
764,create_project,2024-02-15
280,signup,2024-02-15
567,signup,2024-02-15
306,invite_user,2024-02-15
628,invite_user,2024-02-15
860,login,2024-02-15
974,upload_file,2024-02-15
495,invite_user,2024-02-15
653,upload_file,2024-02-15
756,upload_file,2024-02-15
165,upload_file,2024-02-15
173,create_project,2024-02-15
927,upload_file,2024-02-15
500,signup,2024-02-15
738,upload_file,2024-02-15
653,upload_file,2024-02-15
115,login,2024-02-15
720,create_project,2024-02-15
218,signup,2024-02-15
360,create_project,2024-02-15
180,invite_user,2024-02-15
126,invite_user,2024-02-15
465,invite_user,2024-02-15
386,invite_user,2024-02-15
214,create_project,2024-02-15
532,invite_user,2024-02-15
360,login,2024-02-15
789,invite_user,2024-02-15
988,signup,2024-02-15
215,upload_file,2024-02-15
153,create_project,2024-02-15
471,signup,2024-02-15
232,upload_file,2024-02-15
453,create_project,2024-02-15
602,signup,2024-02-15
153,login,2024-02-15
815,invite_user,2024-02-15
372,invite_user,2024-02-15
709,signup,2024-02-15
248,invite_user,2024-02-15
558,upload_file,2024-02-15
774,signup,2024-02-15
774,login,2024-02-15
155,create_project,2024-02-15
153,signup,2024-02-15
585,login,2024-02-15
149,signup,2024-02-16
205,signup,2024-02-16
692,signup,2024-02-16
898,invite_user,2024-02-16
173,invite_user,2024-02-16
104,signup,2024-02-16
243,create_project,2024-02-16
658,invite_user,2024-02-16
159,signup,2024-02-16
636,signup,2024-02-16
915,invite_user,2024-02-16
243,login,2024-02-16
312,invite_user,2024-02-16
185,login,2024-02-16
941,login,2024-02-16
419,upload_file,2024-02-16
98,upload_file,2024-02-16
137,upload_file,2024-02-16
98,invite_user,2024-02-16
824,signup,2024-02-16
948,signup,2024-02-16
234,upload_file,2024-02-16
808,create_project,2024-02-16
729,invite_user,2024-02-16
928,login,2024-02-16
354,upload_file,2024-02-16
229,create_project,2024-02-16
427,signup,2024-02-16
246,invite_user,2024-02-16
150,signup,2024-02-16
681,login,2024-02-16
154,signup,2024-02-16
6,upload_file,2024-02-16
898,signup,2024-02-16
456,invite_user,2024-02-16
67,signup,2024-02-16
988,login,2024-02-16
310,upload_file,2024-02-16
578,invite_user,2024-02-16
311,signup,2024-02-16
465,upload_file,2024-02-16
3,invite_user,2024-02-16
842,upload_file,2024-02-16
151,signup,2024-02-16
525,upload_file,2024-02-16
240,invite_user,2024-02-16
845,upload_file,2024-02-16
624,upload_file,2024-02-16
190,upload_file,2024-02-16
622,invite_user,2024-02-16
617,signup,2024-02-16
669,login,2024-02-16
666,invite_user,2024-02-16
239,signup,2024-02-16
628,login,2024-02-16
983,create_project,2024-02-16
143,invite_user,2024-02-16
143,invite_user,2024-02-16
709,login,2024-02-16
185,signup,2024-02-16
296,signup,2024-02-16
605,signup,2024-02-16
563,create_project,2024-02-16
438,invite_user,2024-02-16
954,upload_file,2024-02-16
106,signup,2024-02-16
789,invite_user,2024-02-16
90,create_project,2024-02-16
272,signup,2024-02-16
449,upload_file,2024-02-16
176,upload_file,2024-02-16
941,signup,2024-02-16
199,login,2024-02-17
199,signup,2024-02-17
296,login,2024-02-17
462,create_project,2024-02-17
35,invite_user,2024-02-17
470,login,2024-02-17
94,login,2024-02-17
674,invite_user,2024-02-17
306,upload_file,2024-02-17
185,invite_user,2024-02-17
96,signup,2024-02-17
248,upload_file,2024-02-17
692,login,2024-02-17
248,login,2024-02-17
708,invite_user,2024-02-17
865,upload_file,2024-02-17
714,upload_file,2024-02-17
261,signup,2024-02-17
980,signup,2024-02-17
962,signup,2024-02-17
60,upload_file,2024-02-17
418,signup,2024-02-17
606,upload_file,2024-02-17
168,upload_file,2024-02-17
809,signup,2024-02-17
244,login,2024-02-17
641,upload_file,2024-02-17
537,upload_file,2024-02-17
155,upload_file,2024-02-17
813,signup,2024-02-17
585,create_project,2024-02-17
532,upload_file,2024-02-17
895,signup,2024-02-17
341,signup,2024-02-17
892,login,2024-02-17
645,upload_file,2024-02-17
149,invite_user,2024-02-17
150,invite_user,2024-02-17
737,login,2024-02-17
981,signup,2024-02-17
737,signup,2024-02-17
515,create_project,2024-02-17
753,signup,2024-02-17
171,create_project,2024-02-17
43,upload_file,2024-02-18
970,upload_file,2024-02-18
767,upload_file,2024-02-18
218,login,2024-02-18
311,login,2024-02-18
714,invite_user,2024-02-18
982,login,2024-02-18
239,invite_user,2024-02-18
162,signup,2024-02-18
780,signup,2024-02-18
259,signup,2024-02-18
774,create_project,2024-02-18
981,login,2024-02-18
67,invite_user,2024-02-18
893,signup,2024-02-18
218,invite_user,2024-02-18
823,invite_user,2024-02-18
1000,create_project,2024-02-18
304,login,2024-02-18
823,signup,2024-02-18
150,login,2024-02-18
691,invite_user,2024-02-18
827,invite_user,2024-02-18
567,invite_user,2024-02-18
566,login,2024-02-18
602,login,2024-02-18
151,login,2024-02-18
818,upload_file,2024-02-18
351,invite_user,2024-02-18
351,upload_file,2024-02-18
702,upload_file,2024-02-18
156,login,2024-02-18
326,signup,2024-02-18
919,create_project,2024-02-18
135,invite_user,2024-02-18
962,login,2024-02-18
341,login,2024-02-18
469,create_project,2024-02-18
460,signup,2024-02-18
427,login,2024-02-18
720,invite_user,2024-02-18
317,signup,2024-02-18
85,upload_file,2024-02-18
256,create_project,2024-02-18
731,signup,2024-02-18
89,signup,2024-02-18
997,login,2024-02-18
121,login,2024-02-18
205,invite_user,2024-02-18
256,login,2024-02-18
655,upload_file,2024-02-19
204,upload_file,2024-02-19
813,login,2024-02-19
120,signup,2024-02-19
922,signup,2024-02-19
469,invite_user,2024-02-19
427,upload_file,2024-02-19
47,upload_file,2024-02-19
727,invite_user,2024-02-19
469,invite_user,2024-02-19
596,signup,2024-02-19
596,login,2024-02-19
360,upload_file,2024-02-19
205,login,2024-02-19
636,upload_file,2024-02-19
887,signup,2024-02-19
264,upload_file,2024-02-19
827,upload_file,2024-02-19
142,upload_file,2024-02-19
317,login,2024-02-19
736,upload_file,2024-02-19
874,signup,2024-02-19
825,create_project,2024-02-19
171,invite_user,2024-02-19
171,upload_file,2024-02-19
825,upload_file,2024-02-19
651,invite_user,2024-02-19
874,login,2024-02-19
731,login,2024-02-19
567,login,2024-02-19
700,signup,2024-02-19
689,signup,2024-02-19
644,signup,2024-02-19
827,invite_user,2024-02-19
341,create_project,2024-02-19
756,invite_user,2024-02-19
119,upload_file,2024-02-19
799,signup,2024-02-19
209,create_project,2024-02-19
471,login,2024-02-19
121,upload_file,2024-02-19
937,login,2024-02-19
837,signup,2024-02-19
776,signup,2024-02-19
296,upload_file,2024-02-19
528,login,2024-02-19
239,login,2024-02-19
722,signup,2024-02-19
945,upload_file,2024-02-19
282,upload_file,2024-02-19
618,signup,2024-02-19
206,signup,2024-02-19
620,invite_user,2024-02-19
753,login,2024-02-19
402,login,2024-02-19
240,invite_user,2024-02-19
960,signup,2024-02-19
70,invite_user,2024-02-19
633,login,2024-02-19
722,upload_file,2024-02-19
183,signup,2024-02-19
331,upload_file,2024-02-19
634,signup,2024-02-19
131,upload_file,2024-02-19
106,login,2024-02-19
937,signup,2024-02-19
746,signup,2024-02-19
544,upload_file,2024-02-19
96,login,2024-02-19
539,upload_file,2024-02-19
634,login,2024-02-19
844,invite_user,2024-02-20
948,login,2024-02-20
850,signup,2024-02-20
423,signup,2024-02-20
413,signup,2024-02-20
80,signup,2024-02-20
195,upload_file,2024-02-20
311,create_project,2024-02-20
88,signup,2024-02-20
854,login,2024-02-20
202,upload_file,2024-02-20
870,upload_file,2024-02-20
741,upload_file,2024-02-20
378,signup,2024-02-20
809,login,2024-02-20
378,login,2024-02-20
941,create_project,2024-02-20
854,signup,2024-02-20
45,invite_user,2024-02-20
89,upload_file,2024-02-20
223,invite_user,2024-02-20
460,login,2024-02-20
475,signup,2024-02-20
584,signup,2024-02-20
272,login,2024-02-20
968,signup,2024-02-20
895,login,2024-02-20
628,invite_user,2024-02-20
929,signup,2024-02-20
922,login,2024-02-20
923,signup,2024-02-20
911,invite_user,2024-02-20
618,invite_user,2024-02-20
175,invite_user,2024-02-20
525,invite_user,2024-02-20
586,invite_user,2024-02-20
500,create_project,2024-02-20
913,upload_file,2024-02-20
25,signup,2024-02-20
968,create_project,2024-02-20
874,create_project,2024-02-20
500,login,2024-02-20
150,create_project,2024-02-20
968,login,2024-02-20
623,signup,2024-02-20
523,signup,2024-02-20
298,signup,2024-02-20
368,upload_file,2024-02-21
218,invite_user,2024-02-21
503,signup,2024-02-21
449,upload_file,2024-02-21
843,invite_user,2024-02-21
476,upload_file,2024-02-21
218,upload_file,2024-02-21
652,invite_user,2024-02-21
791,upload_file,2024-02-21
12,invite_user,2024-02-21
794,invite_user,2024-02-21
427,create_project,2024-02-21
789,upload_file,2024-02-21
617,login,2024-02-21
162,invite_user,2024-02-21
618,login,2024-02-21
840,login,2024-02-21
840,signup,2024-02-21
499,invite_user,2024-02-21
841,login,2024-02-21
605,login,2024-02-21
114,signup,2024-02-21
780,login,2024-02-21
388,invite_user,2024-02-21
24,upload_file,2024-02-21
205,upload_file,2024-02-21
487,signup,2024-02-21
485,invite_user,2024-02-21
710,signup,2024-02-21
618,invite_user,2024-02-21
841,signup,2024-02-21
487,login,2024-02-21
962,create_project,2024-02-21
584,login,2024-02-21
893,create_project,2024-02-21
644,upload_file,2024-02-21
856,upload_file,2024-02-21
818,invite_user,2024-02-21
420,signup,2024-02-21
260,signup,2024-02-21
582,signup,2024-02-21
152,create_project,2024-02-21
893,login,2024-02-21
185,create_project,2024-02-21
152,login,2024-02-21
152,signup,2024-02-21
120,login,2024-02-21
319,signup,2024-02-21
463,invite_user,2024-02-21
638,signup,2024-02-21
637,signup,2024-02-21
636,login,2024-02-21
824,login,2024-02-21
629,upload_file,2024-02-21
705,signup,2024-02-21
886,invite_user,2024-02-21
409,signup,2024-02-21
987,invite_user,2024-02-21
256,invite_user,2024-02-21
804,signup,2024-02-21
259,login,2024-02-21
966,upload_file,2024-02-21
849,signup,2024-02-21
82,signup,2024-02-21
229,upload_file,2024-02-21
829,invite_user,2024-02-21
962,upload_file,2024-02-21
628,create_project,2024-02-21
948,create_project,2024-02-22
617,invite_user,2024-02-22
80,login,2024-02-22
902,signup,2024-02-22
980,login,2024-02-22
240,upload_file,2024-02-22
617,create_project,2024-02-22
976,signup,2024-02-22
97,upload_file,2024-02-22
319,login,2024-02-22
423,login,2024-02-22
517,signup,2024-02-22
402,upload_file,2024-02-22
412,login,2024-02-22
412,signup,2024-02-22
525,invite_user,2024-02-22
769,invite_user,2024-02-22
651,invite_user,2024-02-22
733,invite_user,2024-02-22
500,invite_user,2024-02-22
992,signup,2024-02-22
616,invite_user,2024-02-22
475,login,2024-02-22
596,upload_file,2024-02-22
227,upload_file,2024-02-22
105,signup,2024-02-22
471,create_project,2024-02-22
588,invite_user,2024-02-22
995,signup,2024-02-22
814,upload_file,2024-02-22
704,upload_file,2024-02-22
942,signup,2024-02-22
96,create_project,2024-02-22
468,upload_file,2024-02-22
689,login,2024-02-22
701,signup,2024-02-22
870,invite_user,2024-02-22
40,upload_file,2024-02-22
306,upload_file,2024-02-22
463,upload_file,2024-02-22
692,create_project,2024-02-22
261,login,2024-02-22
953,signup,2024-02-22
711,invite_user,2024-02-22
121,create_project,2024-02-22
75,signup,2024-02-22
485,invite_user,2024-02-22
161,upload_file,2024-02-22
776,upload_file,2024-02-22
779,signup,2024-02-22
961,signup,2024-02-22
942,login,2024-02-22
837,upload_file,2024-02-22
446,signup,2024-02-22
384,signup,2024-02-23
345,invite_user,2024-02-23
754,upload_file,2024-02-23
127,signup,2024-02-23
281,invite_user,2024-02-23
342,signup,2024-02-23
623,upload_file,2024-02-23
412,upload_file,2024-02-23
414,signup,2024-02-23
902,login,2024-02-23
277,invite_user,2024-02-23
823,login,2024-02-23
575,signup,2024-02-23
634,create_project,2024-02-23
530,invite_user,2024-02-23
567,create_project,2024-02-23
960,login,2024-02-23
348,signup,2024-02-23
350,signup,2024-02-23
15,upload_file,2024-02-23
800,signup,2024-02-23
523,invite_user,2024-02-23
799,invite_user,2024-02-23
158,signup,2024-02-23
799,login,2024-02-23
832,upload_file,2024-02-23
333,upload_file,2024-02-23
990,signup,2024-02-23
265,signup,2024-02-23
967,signup,2024-02-23
774,invite_user,2024-02-23
921,signup,2024-02-23
547,invite_user,2024-02-23
80,upload_file,2024-02-23
82,login,2024-02-23
518,invite_user,2024-02-23
326,login,2024-02-23
610,signup,2024-02-23
769,invite_user,2024-02-23
27,upload_file,2024-02-23
824,invite_user,2024-02-23
109,signup,2024-02-23
86,invite_user,2024-02-23
14,signup,2024-02-23
467,invite_user,2024-02-23
172,signup,2024-02-23
317,create_project,2024-02-23
427,upload_file,2024-02-23
887,login,2024-02-23
886,upload_file,2024-02-23
193,signup,2024-02-23
450,signup,2024-02-23
89,login,2024-02-23
254,invite_user,2024-02-23
745,signup,2024-02-23
432,signup,2024-02-23
110,signup,2024-02-24
426,signup,2024-02-24
268,signup,2024-02-24
402,create_project,2024-02-24
766,invite_user,2024-02-24
211,invite_user,2024-02-24
994,signup,2024-02-24
131,invite_user,2024-02-24
731,create_project,2024-02-24
246,invite_user,2024-02-24
221,signup,2024-02-24
297,invite_user,2024-02-24
986,upload_file,2024-02-24
110,login,2024-02-24
948,upload_file,2024-02-24
911,invite_user,2024-02-24
885,signup,2024-02-24
776,login,2024-02-24
432,login,2024-02-24
886,upload_file,2024-02-24
213,invite_user,2024-02-24
127,upload_file,2024-02-24
618,create_project,2024-02-24
728,signup,2024-02-24
772,signup,2024-02-24
771,invite_user,2024-02-24
664,upload_file,2024-02-24
215,upload_file,2024-02-24
610,login,2024-02-24
25,login,2024-02-24
177,signup,2024-02-24
732,signup,2024-02-24
542,signup,2024-02-24
500,upload_file,2024-02-24
732,login,2024-02-24
746,login,2024-02-24
595,login,2024-02-24
815,upload_file,2024-02-24
596,create_project,2024-02-24
828,signup,2024-02-24
253,signup,2024-02-24
977,upload_file,2024-02-24
688,invite_user,2024-02-24
701,create_project,2024-02-24
342,login,2024-02-24
120,create_project,2024-02-24
959,signup,2024-02-24
701,login,2024-02-24
582,login,2024-02-24
700,login,2024-02-24
414,upload_file,2024-02-24
976,invite_user,2024-02-24
340,upload_file,2024-02-24
464,signup,2024-02-24
946,invite_user,2024-02-24
305,upload_file,2024-02-24
586,invite_user,2024-02-24
850,login,2024-02-24
990,login,2024-02-24
88,login,2024-02-24
681,upload_file,2024-02-24
807,upload_file,2024-02-24
595,signup,2024-02-24
650,signup,2024-02-24
503,login,2024-02-24
809,create_project,2024-02-24
554,invite_user,2024-02-24
260,login,2024-02-25
265,login,2024-02-25
223,invite_user,2024-02-25
921,login,2024-02-25
183,invite_user,2024-02-25
926,signup,2024-02-25
873,upload_file,2024-02-25
824,create_project,2024-02-25
780,create_project,2024-02-25
437,invite_user,2024-02-25
779,login,2024-02-25
571,signup,2024-02-25
384,login,2024-02-25
780,upload_file,2024-02-25
355,signup,2024-02-25
284,signup,2024-02-25
469,invite_user,2024-02-25
605,create_project,2024-02-25
268,invite_user,2024-02-25
828,invite_user,2024-02-25
881,upload_file,2024-02-25
253,login,2024-02-25
961,login,2024-02-25
292,signup,2024-02-25
158,invite_user,2024-02-25
158,invite_user,2024-02-25
962,invite_user,2024-02-25
446,login,2024-02-25
132,upload_file,2024-02-25
192,signup,2024-02-25
451,signup,2024-02-25
451,upload_file,2024-02-25
438,upload_file,2024-02-25
26,upload_file,2024-02-25
247,invite_user,2024-02-25
887,invite_user,2024-02-25
524,invite_user,2024-02-25
929,login,2024-02-25
623,login,2024-02-25
286,upload_file,2024-02-25
524,signup,2024-02-25
407,signup,2024-02-25
280,invite_user,2024-02-25
400,signup,2024-02-25
976,login,2024-02-25
978,upload_file,2024-02-25
172,login,2024-02-25
322,signup,2024-02-25
420,login,2024-02-25
896,signup,2024-02-25
284,login,2024-02-25
516,upload_file,2024-02-25
204,upload_file,2024-02-25
636,create_project,2024-02-25
849,login,2024-02-25
726,invite_user,2024-02-25
458,invite_user,2024-02-25
114,login,2024-02-25
288,signup,2024-02-25
260,invite_user,2024-02-25
384,create_project,2024-02-26
944,signup,2024-02-26
849,create_project,2024-02-26
82,create_project,2024-02-26
95,signup,2024-02-26
808,invite_user,2024-02-26
105,login,2024-02-26
450,invite_user,2024-02-26
355,login,2024-02-26
947,invite_user,2024-02-26
471,upload_file,2024-02-26
804,login,2024-02-26
105,create_project,2024-02-26
13,signup,2024-02-26
234,upload_file,2024-02-26
75,login,2024-02-26
448,signup,2024-02-26
866,signup,2024-02-26
420,invite_user,2024-02-26
288,invite_user,2024-02-26
885,create_project,2024-02-26
584,upload_file,2024-02-26
746,create_project,2024-02-26
747,signup,2024-02-26
692,upload_file,2024-02-26
575,login,2024-02-26
747,login,2024-02-26
885,login,2024-02-26
925,signup,2024-02-26
638,login,2024-02-26
414,login,2024-02-26
274,invite_user,2024-02-26
898,upload_file,2024-02-26
742,signup,2024-02-26
307,signup,2024-02-26
512,invite_user,2024-02-26
391,upload_file,2024-02-26
928,invite_user,2024-02-26
492,upload_file,2024-02-26
705,login,2024-02-26
350,upload_file,2024-02-26
994,login,2024-02-26
987,invite_user,2024-02-26
625,signup,2024-02-26
311,invite_user,2024-02-26
980,create_project,2024-02-26
622,upload_file,2024-02-26
371,upload_file,2024-02-26
266,upload_file,2024-02-26
67,upload_file,2024-02-26
713,signup,2024-02-26
622,invite_user,2024-02-26
524,login,2024-02-26
668,upload_file,2024-02-26
482,signup,2024-02-26
961,create_project,2024-02-26
401,signup,2024-02-26
24,upload_file,2024-02-26
93,invite_user,2024-02-26
25,create_project,2024-02-26
610,create_project,2024-02-26
215,upload_file,2024-02-26
860,upload_file,2024-02-26
273,upload_file,2024-02-26
668,signup,2024-02-26
288,invite_user,2024-02-26
652,invite_user,2024-02-26
266,signup,2024-02-26
16,signup,2024-02-26
797,signup,2024-02-26
615,signup,2024-02-27
502,signup,2024-02-27
828,login,2024-02-27
13,upload_file,2024-02-27
833,invite_user,2024-02-27
350,login,2024-02-27
930,signup,2024-02-27
991,signup,2024-02-27
348,login,2024-02-27
625,login,2024-02-27
412,create_project,2024-02-27
142,invite_user,2024-02-27
687,invite_user,2024-02-27
401,login,2024-02-27
992,login,2024-02-27
366,signup,2024-02-27
833,signup,2024-02-27
658,upload_file,2024-02-27
282,upload_file,2024-02-27
654,upload_file,2024-02-27
48,signup,2024-02-27
689,create_project,2024-02-27
189,signup,2024-02-27
874,upload_file,2024-02-27
832,invite_user,2024-02-27
995,login,2024-02-27
350,upload_file,2024-02-27
570,signup,2024-02-27
800,login,2024-02-27
228,signup,2024-02-27
355,invite_user,2024-02-27
595,create_project,2024-02-27
746,invite_user,2024-02-27
162,invite_user,2024-02-27
650,login,2024-02-27
732,create_project,2024-02-27
483,signup,2024-02-27
920,signup,2024-02-27
488,signup,2024-02-27
28,signup,2024-02-27
248,invite_user,2024-02-27
208,upload_file,2024-02-27
810,signup,2024-02-27
615,login,2024-02-27
942,invite_user,2024-02-27
207,invite_user,2024-02-27
561,signup,2024-02-27
948,upload_file,2024-02-27
921,create_project,2024-02-27
400,login,2024-02-27
252,signup,2024-02-27
280,upload_file,2024-02-27
292,login,2024-02-27
366,login,2024-02-27
926,login,2024-02-28
268,login,2024-02-28
265,invite_user,2024-02-28
16,login,2024-02-28
320,signup,2024-02-28
902,create_project,2024-02-28
869,login,2024-02-28
869,signup,2024-02-28
50,signup,2024-02-28
914,invite_user,2024-02-28
288,login,2024-02-28
288,upload_file,2024-02-28
41,upload_file,2024-02-28
279,invite_user,2024-02-28
257,signup,2024-02-28
571,login,2024-02-28
742,login,2024-02-28
552,signup,2024-02-28
450,login,2024-02-28
797,upload_file,2024-02-28
762,signup,2024-02-28
94,invite_user,2024-02-28
158,login,2024-02-28
715,signup,2024-02-28
193,login,2024-02-28
433,invite_user,2024-02-28
728,login,2024-02-28
14,login,2024-02-28
649,signup,2024-02-28
172,create_project,2024-02-28
776,upload_file,2024-02-28
967,invite_user,2024-02-28
976,create_project,2024-02-28
509,upload_file,2024-02-28
571,create_project,2024-02-28
772,login,2024-02-28
127,create_project,2024-02-28
959,login,2024-02-28
127,login,2024-02-28
532,invite_user,2024-02-28
113,signup,2024-02-28
95,login,2024-02-28
407,login,2024-02-28
967,login,2024-02-28
569,invite_user,2024-02-28
988,upload_file,2024-02-28
988,upload_file,2024-02-28
576,signup,2024-02-28
464,login,2024-02-28
697,signup,2024-02-28
970,invite_user,2024-02-28
670,signup,2024-02-28
582,create_project,2024-02-28
563,invite_user,2024-02-28
809,invite_user,2024-02-28
453,invite_user,2024-02-28
12,invite_user,2024-02-28
667,invite_user,2024-02-28
561,login,2024-02-28
137,upload_file,2024-02-28
362,signup,2024-02-28
307,login,2024-02-29
747,create_project,2024-02-29
413,upload_file,2024-02-29
513,signup,2024-02-29
992,create_project,2024-02-29
685,login,2024-02-29
945,upload_file,2024-02-29
685,signup,2024-02-29
619,login,2024-02-29
307,upload_file,2024-02-29
322,login,2024-02-29
619,signup,2024-02-29
109,upload_file,2024-02-29
512,upload_file,2024-02-29
642,signup,2024-02-29
642,login,2024-02-29
445,upload_file,2024-02-29
451,upload_file,2024-02-29
174,upload_file,2024-02-29
174,upload_file,2024-02-29
646,signup,2024-02-29
866,login,2024-02-29
711,upload_file,2024-02-29
865,upload_file,2024-02-29
728,create_project,2024-02-29
197,signup,2024-02-29
930,login,2024-02-29
701,upload_file,2024-02-29
114,upload_file,2024-02-29
464,create_project,2024-02-29
174,signup,2024-02-29
242,upload_file,2024-02-29
928,upload_file,2024-02-29
543,signup,2024-02-29
840,invite_user,2024-02-29
238,upload_file,2024-02-29
990,upload_file,2024-02-29
944,invite_user,2024-02-29
212,signup,2024-02-29
599,signup,2024-02-29
48,invite_user,2024-02-29
594,signup,2024-02-29
221,login,2024-02-29
833,login,2024-02-29
967,create_project,2024-02-29
238,signup,2024-02-29
920,login,2024-02-29
925,login,2024-02-29
925,create_project,2024-02-29
574,upload_file,2024-02-29
926,invite_user,2024-02-29
570,login,2024-02-29
542,login,2024-02-29
769,invite_user,2024-02-29
177,login,2024-02-29
405,signup,2024-02-29
405,upload_file,2024-02-29
405,login,2024-02-29
669,upload_file,2024-03-01
561,create_project,2024-03-01
586,upload_file,2024-03-01
764,upload_file,2024-03-01
335,invite_user,2024-03-01
175,invite_user,2024-03-01
513,login,2024-03-01
488,login,2024-03-01
279,upload_file,2024-03-01
451,login,2024-03-01
625,create_project,2024-03-01
366,upload_file,2024-03-01
127,invite_user,2024-03-01
220,login,2024-03-01
698,login,2024-03-01
405,create_project,2024-03-01
698,signup,2024-03-01
150,invite_user,2024-03-01
322,invite_user,2024-03-01
995,create_project,2024-03-01
879,signup,2024-03-01
879,login,2024-03-01
407,create_project,2024-03-01
339,signup,2024-03-01
685,create_project,2024-03-01
879,create_project,2024-03-01
3,invite_user,2024-03-01
111,signup,2024-03-01
294,login,2024-03-01
294,signup,2024-03-01
695,signup,2024-03-01
695,login,2024-03-01
408,signup,2024-03-01
220,signup,2024-03-01
377,signup,2024-03-01
849,upload_file,2024-03-01
283,signup,2024-03-01
750,invite_user,2024-03-01
512,upload_file,2024-03-01
945,invite_user,2024-03-01
177,create_project,2024-03-01
30,signup,2024-03-01
418,invite_user,2024-03-01
967,upload_file,2024-03-01
917,signup,2024-03-01
266,create_project,2024-03-01
427,upload_file,2024-03-01
283,login,2024-03-01
837,upload_file,2024-03-01
976,invite_user,2024-03-01
502,login,2024-03-01
195,upload_file,2024-03-01
89,upload_file,2024-03-01
610,upload_file,2024-03-01
49,signup,2024-03-01
123,signup,2024-03-01
755,signup,2024-03-01
501,signup,2024-03-01
779,create_project,2024-03-01
192,login,2024-03-01
999,signup,2024-03-01
501,login,2024-03-01
286,upload_file,2024-03-01
437,upload_file,2024-03-01
266,login,2024-03-01
762,invite_user,2024-03-01
283,invite_user,2024-03-02
542,create_project,2024-03-02
543,upload_file,2024-03-02
615,upload_file,2024-03-02
481,upload_file,2024-03-02
594,upload_file,2024-03-02
602,invite_user,2024-03-02
646,login,2024-03-02
292,create_project,2024-03-02
503,upload_file,2024-03-02
881,upload_file,2024-03-02
668,login,2024-03-02
142,invite_user,2024-03-02
552,login,2024-03-02
113,login,2024-03-02
174,login,2024-03-02
926,create_project,2024-03-02
599,login,2024-03-02
824,upload_file,2024-03-02
713,upload_file,2024-03-02
342,invite_user,2024-03-02
48,login,2024-03-02
307,create_project,2024-03-02
350,create_project,2024-03-02
322,create_project,2024-03-02
828,create_project,2024-03-02
189,login,2024-03-02
709,invite_user,2024-03-02
715,login,2024-03-02
193,create_project,2024-03-02
736,upload_file,2024-03-02
49,upload_file,2024-03-02
320,login,2024-03-02
368,invite_user,2024-03-02
14,create_project,2024-03-02
395,invite_user,2024-03-02
745,invite_user,2024-03-02
395,invite_user,2024-03-02
339,login,2024-03-02
400,create_project,2024-03-02
13,upload_file,2024-03-02
523,upload_file,2024-03-03
123,upload_file,2024-03-03
377,login,2024-03-03
810,login,2024-03-03
123,invite_user,2024-03-03
728,upload_file,2024-03-03
281,invite_user,2024-03-03
50,login,2024-03-03
426,upload_file,2024-03-03
121,upload_file,2024-03-03
23,upload_file,2024-03-03
28,login,2024-03-03
362,login,2024-03-03
320,upload_file,2024-03-03
260,upload_file,2024-03-03
204,invite_user,2024-03-03
986,invite_user,2024-03-03
34,upload_file,2024-03-03
362,upload_file,2024-03-03
750,upload_file,2024-03-03
49,login,2024-03-03
88,invite_user,2024-03-03
772,invite_user,2024-03-03
581,invite_user,2024-03-03
348,create_project,2024-03-03
400,invite_user,2024-03-03
450,invite_user,2024-03-03
606,upload_file,2024-03-03
97,upload_file,2024-03-03
274,upload_file,2024-03-03
7,upload_file,2024-03-03
866,create_project,2024-03-03
618,upload_file,2024-03-03
658,upload_file,2024-03-03
750,upload_file,2024-03-03
874,upload_file,2024-03-03
115,upload_file,2024-03-03
304,invite_user,2024-03-03
111,login,2024-03-03
623,invite_user,2024-03-03
968,upload_file,2024-03-03
887,invite_user,2024-03-03
271,invite_user,2024-03-03
760,invite_user,2024-03-03
638,upload_file,2024-03-04
978,upload_file,2024-03-04
123,login,2024-03-04
599,create_project,2024-03-04
982,invite_user,2024-03-04
405,invite_user,2024-03-04
254,upload_file,2024-03-04
284,upload_file,2024-03-04
715,upload_file,2024-03-04
115,upload_file,2024-03-04
930,upload_file,2024-03-04
709,invite_user,2024-03-04
485,upload_file,2024-03-04
15,invite_user,2024-03-04
576,login,2024-03-04
854,invite_user,2024-03-04
257,login,2024-03-04
697,invite_user,2024-03-04
697,login,2024-03-04
172,invite_user,2024-03-04
50,create_project,2024-03-04
243,upload_file,2024-03-04
824,invite_user,2024-03-04
649,login,2024-03-04
881,upload_file,2024-03-05
208,upload_file,2024-03-05
212,login,2024-03-05
292,invite_user,2024-03-05
990,invite_user,2024-03-05
606,upload_file,2024-03-05
446,upload_file,2024-03-05
458,upload_file,2024-03-05
999,login,2024-03-05
238,login,2024-03-05
500,invite_user,2024-03-05
513,upload_file,2024-03-05
895,upload_file,2024-03-05
511,invite_user,2024-03-05
841,upload_file,2024-03-05
594,login,2024-03-05
197,login,2024-03-05
48,create_project,2024-03-05
282,upload_file,2024-03-05
736,invite_user,2024-03-05
649,upload_file,2024-03-05
755,login,2024-03-05
223,upload_file,2024-03-05
501,create_project,2024-03-05
594,upload_file,2024-03-05
722,upload_file,2024-03-05
576,create_project,2024-03-06
563,invite_user,2024-03-06
62,invite_user,2024-03-06
825,upload_file,2024-03-06
209,invite_user,2024-03-06
917,login,2024-03-06
50,invite_user,2024-03-06
298,invite_user,2024-03-06
981,invite_user,2024-03-06
475,invite_user,2024-03-06
292,invite_user,2024-03-06
668,upload_file,2024-03-06
189,create_project,2024-03-06
705,upload_file,2024-03-06
113,invite_user,2024-03-06
860,invite_user,2024-03-06
502,create_project,2024-03-06
650,invite_user,2024-03-06
30,login,2024-03-06
542,invite_user,2024-03-06
895,invite_user,2024-03-06
17,invite_user,2024-03-06
28,create_project,2024-03-06
731,upload_file,2024-03-06
273,upload_file,2024-03-06
409,upload_file,2024-03-06
408,login,2024-03-06
634,upload_file,2024-03-06
594,create_project,2024-03-07
34,upload_file,2024-03-07
339,create_project,2024-03-07
266,invite_user,2024-03-07
462,upload_file,2024-03-07
697,create_project,2024-03-07
615,upload_file,2024-03-07
705,upload_file,2024-03-07
705,invite_user,2024-03-07
408,create_project,2024-03-07
563,invite_user,2024-03-07
489,invite_user,2024-03-07
941,invite_user,2024-03-07
620,upload_file,2024-03-07
808,upload_file,2024-03-07
503,upload_file,2024-03-07
921,upload_file,2024-03-07
212,create_project,2024-03-07
280,invite_user,2024-03-07
645,upload_file,2024-03-07
628,invite_user,2024-03-07
205,upload_file,2024-03-07
898,invite_user,2024-03-07
800,invite_user,2024-03-07
121,upload_file,2024-03-07
298,invite_user,2024-03-07
619,upload_file,2024-03-07
631,upload_file,2024-03-07
981,upload_file,2024-03-08
1000,upload_file,2024-03-08
849,upload_file,2024-03-08
829,upload_file,2024-03-08
402,invite_user,2024-03-08
669,upload_file,2024-03-08
409,invite_user,2024-03-08
322,invite_user,2024-03-08
378,upload_file,2024-03-08
310,upload_file,2024-03-08
254,upload_file,2024-03-08
257,create_project,2024-03-08
728,invite_user,2024-03-08
24,invite_user,2024-03-08
917,create_project,2024-03-08
704,invite_user,2024-03-08
475,upload_file,2024-03-08
16,invite_user,2024-03-09
840,upload_file,2024-03-09
105,upload_file,2024-03-09
584,upload_file,2024-03-09
93,invite_user,2024-03-09
828,invite_user,2024-03-09
462,invite_user,2024-03-09
617,invite_user,2024-03-09
369,invite_user,2024-03-09
296,upload_file,2024-03-09
362,upload_file,2024-03-09
747,invite_user,2024-03-09
800,invite_user,2024-03-09
408,upload_file,2024-03-09
980,upload_file,2024-03-09
470,invite_user,2024-03-10
732,upload_file,2024-03-10
268,invite_user,2024-03-10
256,invite_user,2024-03-10
709,upload_file,2024-03-10
412,invite_user,2024-03-10
238,create_project,2024-03-10
333,invite_user,2024-03-10
464,invite_user,2024-03-10
149,upload_file,2024-03-10
570,upload_file,2024-03-10
552,upload_file,2024-03-10
209,upload_file,2024-03-10
471,invite_user,2024-03-10
333,invite_user,2024-03-10
975,invite_user,2024-03-10
926,invite_user,2024-03-10
856,invite_user,2024-03-10
471,invite_user,2024-03-11
696,upload_file,2024-03-11
501,invite_user,2024-03-11
642,upload_file,2024-03-11
311,upload_file,2024-03-11
706,upload_file,2024-03-11
50,upload_file,2024-03-11
642,upload_file,2024-03-11
50,invite_user,2024-03-11
728,invite_user,2024-03-11
375,invite_user,2024-03-11
311,invite_user,2024-03-11
30,create_project,2024-03-11
296,upload_file,2024-03-11
414,invite_user,2024-03-11
426,invite_user,2024-03-11
570,invite_user,2024-03-11
572,invite_user,2024-03-11
418,upload_file,2024-03-11
737,invite_user,2024-03-11
105,invite_user,2024-03-11
850,upload_file,2024-03-11
605,invite_user,2024-03-11
412,invite_user,2024-03-11
625,invite_user,2024-03-12
407,upload_file,2024-03-12
620,upload_file,2024-03-12
420,invite_user,2024-03-12
937,upload_file,2024-03-12
378,invite_user,2024-03-12
341,invite_user,2024-03-12
879,invite_user,2024-03-12
350,upload_file,2024-03-12
261,invite_user,2024-03-12
992,upload_file,2024-03-12
779,upload_file,2024-03-12
929,upload_file,2024-03-12
259,upload_file,2024-03-12
155,upload_file,2024-03-13
850,invite_user,2024-03-13
260,upload_file,2024-03-13
895,invite_user,2024-03-13
631,upload_file,2024-03-13
400,upload_file,2024-03-13
159,upload_file,2024-03-13
88,upload_file,2024-03-13
304,invite_user,2024-03-13
162,upload_file,2024-03-13
220,upload_file,2024-03-13
450,upload_file,2024-03-13
810,invite_user,2024-03-13
990,invite_user,2024-03-13
685,upload_file,2024-03-13
320,upload_file,2024-03-13
695,invite_user,2024-03-13
189,upload_file,2024-03-13
887,upload_file,2024-03-13
825,invite_user,2024-03-13
48,upload_file,2024-03-13
994,invite_user,2024-03-13
172,invite_user,2024-03-13
605,invite_user,2024-03-14
837,invite_user,2024-03-14
238,upload_file,2024-03-14
780,invite_user,2024-03-14
322,upload_file,2024-03-14
976,invite_user,2024-03-14
840,upload_file,2024-03-14
953,invite_user,2024-03-14
774,invite_user,2024-03-14
650,invite_user,2024-03-14
524,upload_file,2024-03-14
189,invite_user,2024-03-15
420,invite_user,2024-03-15
833,invite_user,2024-03-15
523,upload_file,2024-03-15
319,invite_user,2024-03-15
414,invite_user,2024-03-15
697,upload_file,2024-03-15
698,invite_user,2024-03-15
642,upload_file,2024-03-15
813,upload_file,2024-03-15
96,invite_user,2024-03-15
962,upload_file,2024-03-15
284,upload_file,2024-03-15
746,upload_file,2024-03-15
929,invite_user,2024-03-16
869,invite_user,2024-03-16
879,invite_user,2024-03-16
999,invite_user,2024-03-16
283,invite_user,2024-03-16
16,upload_file,2024-03-16
339,upload_file,2024-03-16
339,invite_user,2024-03-16
183,upload_file,2024-03-16
49,invite_user,2024-03-16
797,invite_user,2024-03-16
731,invite_user,2024-03-16
82,invite_user,2024-03-16
576,upload_file,2024-03-16
926,upload_file,2024-03-16
670,invite_user,2024-03-16
127,upload_file,2024-03-16
713,invite_user,2024-03-16
552,invite_user,2024-03-17
929,invite_user,2024-03-17
407,invite_user,2024-03-17
341,upload_file,2024-03-17
407,invite_user,2024-03-17
257,invite_user,2024-03-17
432,invite_user,2024-03-17
432,upload_file,2024-03-17
120,upload_file,2024-03-17
967,upload_file,2024-03-17
284,invite_user,2024-03-17
30,invite_user,2024-03-17
252,upload_file,2024-03-17
339,invite_user,2024-03-18
292,invite_user,2024-03-18
75,invite_user,2024-03-18
355,invite_user,2024-03-18
981,invite_user,2024-03-18
88,invite_user,2024-03-18
980,upload_file,2024-03-18
80,invite_user,2024-03-18
423,invite_user,2024-03-18
423,upload_file,2024-03-18
552,invite_user,2024-03-18
193,invite_user,2024-03-18
13,upload_file,2024-03-19
732,invite_user,2024-03-19
366,upload_file,2024-03-19
823,invite_user,2024-03-19
265,invite_user,2024-03-19
378,upload_file,2024-03-19
841,upload_file,2024-03-19
326,upload_file,2024-03-19
584,upload_file,2024-03-19
123,upload_file,2024-03-20
362,invite_user,2024-03-20
113,upload_file,2024-03-20
689,invite_user,2024-03-20
670,upload_file,2024-03-20
109,invite_user,2024-03-20
596,upload_file,2024-03-20
400,upload_file,2024-03-20
483,invite_user,2024-03-20
82,upload_file,2024-03-20
833,upload_file,2024-03-20
576,invite_user,2024-03-20
999,upload_file,2024-03-20
28,upload_file,2024-03-21
992,upload_file,2024-03-21
800,upload_file,2024-03-21
850,upload_file,2024-03-21
409,upload_file,2024-03-21
377,invite_user,2024-03-21
503,upload_file,2024-03-21
172,invite_user,2024-03-21
994,invite_user,2024-03-21
524,upload_file,2024-03-21
999,upload_file,2024-03-21
405,invite_user,2024-03-22
401,upload_file,2024-03-22
252,upload_file,2024-03-22
446,upload_file,2024-03-22
197,invite_user,2024-03-22
649,invite_user,2024-03-22
747,upload_file,2024-03-22
408,upload_file,2024-03-22
266,invite_user,2024-03-22
517,upload_file,2024-03-23
961,invite_user,2024-03-23
575,invite_user,2024-03-23
828,upload_file,2024-03-23
501,invite_user,2024-03-23
401,invite_user,2024-03-23
747,invite_user,2024-03-23
14,upload_file,2024-03-23
625,upload_file,2024-03-24
177,invite_user,2024-03-24
646,upload_file,2024-03-24
594,upload_file,2024-03-24
483,upload_file,2024-03-24
483,invite_user,2024-03-25
713,upload_file,2024-03-25
30,invite_user,2024-03-25
571,upload_file,2024-03-25
885,invite_user,2024-03-25
377,upload_file,2024-03-25
257,upload_file,2024-03-25
599,invite_user,2024-03-25
543,invite_user,2024-03-26
401,invite_user,2024-03-26
408,invite_user,2024-03-27
570,invite_user,2024-03-27
502,invite_user,2024-03-27
488,invite_user,2024-03-27
615,upload_file,2024-03-28
810,upload_file,2024-03-28
670,upload_file,2024-03-28
646,invite_user,2024-03-29
762,invite_user,2024-03-29
685,invite_user,2024-03-29
879,upload_file,2024-03-30
220,upload_file,2024-03-30
30,upload_file,2024-03-31
